title,modified_time,kategori,channel,merchant,lokasi,benefit,markdown_benefit,markdown_syarat_dan_ketentuan,syarat_dan_ketentuan,start,end,URL_Name,calltype,Article_Type,record_type
Food & Beverages,2024-03-27 22:37:23,Food & Beverages,Seluruh Kartu Kredit BRI (kecuali Corporate Card),Kopi Dibawah Tangga,Berlaku di seluruh outlet Kopi Di bawah Tangga,Beli 1 Gratis 1 Kopi Kampung (Rp20.000 dapat 2),Beli 1 Gratis 1 Kopi Kampung (Rp20.000 dapat 2),"1. Berlaku setiap Hari Kamis s.d Minggu
2. Tidak berlaku kelipatan
3. Berlaku untuk 1 Kartu/Transaksi/Hari","1. Berlaku setiap Hari Kamis s.d Minggu
2. Tidak berlaku kelipatan
3. Berlaku untuk 1 Kartu/Transaksi/Hari",2023-11-01 00:00:00,2024-11-30 00:00:00,PM-0000001,No Call Type,Promotion,Promotion
Food & Beverages,2024-03-27 22:37:23,Food & Beverages,"1. Kartu Debit BRI Prioritas, Private & Bisnis Premium 
2. Kartu Kredit BRI World Access dan Infinite, kecuali Corporate Card",Putu Made,Berlaku di Putu Made PIK Avenue dan Senayan Park,Diskon 35% maks. Rp350.000,Diskon 35% maks. Rp350.000,"1. Min. transaksi Rp350.000
2. Berlaku setiap hari","1. Min. transaksi Rp350.000
2. Berlaku setiap hari",2024-01-01 00:00:00,2024-06-30 00:00:00,PM-0000002,No Call Type,Promotion,Promotion
Food & Beverages,2024-03-27 22:37:23,Food & Beverages,"1. Kartu Debit BRI Prioritas dan Debit BRI Private
2. Kartu Kredit BRI Platinum, World Access, dan Infinite di EDC Bank BRI",Thai I Love You,Seluruh Indonesia,Diskon 20% maks. Rp100.000,Diskon 20% maks. Rp100.000,"1. Minimum pembelian Rp. 350.000 (sebelum tax & service)
2. Promo berlaku setiap Senin - Jumat
3. 1 kartu/transaksi/hari (tidak berlaku spit bill)
4. Khusus untuk dine-in/take away (tidak berlaku delivery)","1. Minimum pembelian Rp. 350.000 (sebelum tax & service)
2. Promo berlaku setiap Senin - Jumat
3. 1 kartu/transaksi/hari (tidak berlaku spit bill)
4. Khusus untuk dine-in/take away (tidak berlaku delivery)",2023-05-31 00:00:00,2024-04-30 00:00:00,PM-0000003,No Call Type,Promotion,Promotion
Groceries,2024-06-14 10:45:05,Groceries,"Kartu Kredit,Kartu Debit","TheFoodhall, Daily Foodhall dan Daily Supermarket",Seluruh Indonesia,Diskon 10% atau maks. Rp50.000,Diskon 10% atau maks. Rp50.000,"1. Minimal transaksi Rp500.000
2. Maksimal diskon Rp100.000 untuk kartu BRI prioritas, BRI private dan kartu kredit	
3. Premium dengan minimal transaksi Rp1.000.000
4. Berlaku setiap hari senin s/d jumat	
5. 1 kartu berlaku untuk 1 trx/kartu/hari	
6. Tidak berlaku kelipatan","1. Minimal transaksi Rp500.000
2. Maksimal diskon Rp100.000 untuk kartu BRI prioritas, BRI private dan kartu kredit	
3. Premium dengan minimal transaksi Rp1.000.000
4. Berlaku setiap hari senin s/d jumat	
5. 1 kartu berlaku untuk 1 trx/kartu/hari	
6. Tidak berlaku kelipatan",2023-08-01 00:00:00,2024-07-31 00:00:00,PM-0000004,No Call Type,Promotion,Promotion
Travel & Hotel,2024-06-14 14:50:52,Travel & Hotel,"Kartu Kredit,Kartu Debit,BRImo",Grand Hyatt,Jakarta,Diskon hingga 20%,Diskon hingga 20%,"1. Untuk paket kamar dengan sarapan dan pijat badan 1 jam untuk 2 orang
2. Kamar Grand Deluxe City View yang telah direnovasi dengan sarapan untuk 2 orang dewasa dan 2 anak di bawah 13 tahun, serta pijat badan selama 1 jam untuk dua orang dengan harga Rp 4.400.000 net
3. Kamar Grand Deluxe Bundaran View yang telah direnovasi dengan sarapan untuk 2 orang dewasa dan 2 anak di bawah 13 tahun, serta pijat badan selama 1 jam untuk 2 orang dengan harga Rp 4.500.000 net
4. Kamar Deluxe Family City View yang telah direnovasi dengan sarapan untuk 2 orang dewasa dan 2 anak di bawah 13 tahun, serta pijat badan selama 1 jam untuk 2 orang dengan harga Rp 4.900.000 net
5. Kamar Capital Suite City View yang telah direnovasi dengan sarapan untuk 2 orang dewasa dan 2 anak di bawah 13 tahun, serta pijat badan selama 1 jam untuk 2 orang dengan harga Rp9.500.000 net","1. Untuk paket kamar dengan sarapan dan pijat badan 1 jam untuk 2 orang
2. Kamar Grand Deluxe City View yang telah direnovasi dengan sarapan untuk 2 orang dewasa dan 2 anak di bawah 13 tahun, serta pijat badan selama 1 jam untuk dua orang dengan harga Rp 4.400.000 net
3. Kamar Grand Deluxe Bundaran View yang telah direnovasi dengan sarapan untuk 2 orang dewasa dan 2 anak di bawah 13 tahun, serta pijat badan selama 1 jam untuk 2 orang dengan harga Rp 4.500.000 net
4. Kamar Deluxe Family City View yang telah direnovasi dengan sarapan untuk 2 orang dewasa dan 2 anak di bawah 13 tahun, serta pijat badan selama 1 jam untuk 2 orang dengan harga Rp 4.900.000 net
5. Kamar Capital Suite City View yang telah direnovasi dengan sarapan untuk 2 orang dewasa dan 2 anak di bawah 13 tahun, serta pijat badan selama 1 jam untuk 2 orang dengan harga Rp9.500.000 net",2024-06-14 00:00:00,2024-12-31 00:00:00,PM-0000005,No Call Type,Promotion,Promotion
Food & Beverages,2024-06-14 15:41:58,Food & Beverages,Kartu Kredit,Gandy Bakery,-,Diskon 20%,Diskon 20%,"1. Minimal transaksi Rp50.000
2. Maksimal transaksi Rp1.000.000
3. Promo tidak dapat digabungkan dengan promo lain
4. Berlaku untuk seluruh Kartu Kredit BRI, termasuk Co-Branding, kecuali Corporate Card","1. Minimal transaksi Rp50.000
2. Maksimal transaksi Rp1.000.000
3. Promo tidak dapat digabungkan dengan promo lain
4. Berlaku untuk seluruh Kartu Kredit BRI, termasuk Co-Branding, kecuali Corporate Card",2024-06-14 00:00:00,2024-07-31 00:00:00,PM-0000006,No Call Type,Promotion,Promotion
Food & Beverages,2024-06-14 16:35:42,Food & Beverages,"Kartu Kredit,Kartu Debit,QRIS,BRImo",JCO Reguler,-,Buy 1 Get 1 (1 lusin donut free 1 Box Coffee Drip),Buy 1 Get 1 (1 lusin donut free 1 Box Coffee Drip),"1. Berlaku setiap senin-jumat
2. 1x transaksi/akun/hari
3. Tidak berlaku kelipatan
4. Promo tidak dapat digabung dengan promo lain","1. Berlaku setiap senin-jumat
2. 1x transaksi/akun/hari
3. Tidak berlaku kelipatan
4. Promo tidak dapat digabung dengan promo lain",2024-06-14 00:00:00,2024-06-30 00:00:00,PM-0000007,No Call Type,Promotion,Promotion
Food & Beverages,2024-06-16 13:21:37,Food & Beverages,"Kartu Kredit,Kartu Debit",Penang Bistro,Seluruh outlet Penang Bistro,Diskon 20%,Diskon 20%,"1. Minimal transaksi Rp750.000
2. Maksimal diskon Rp150.000
3. Berlaku Kartu Debit Britama Bisnis, Kartu Debit Prioritas, Kartu Debit Private dan Kartu Kredit Platinum, JCB Platinum, World Access, Infinite
4. Berlaku hari kamis-minggu
5. Berlaku di seluruh outlet Penang Bistro","1. Minimal transaksi Rp750.000
2. Maksimal diskon Rp150.000
3. Berlaku Kartu Debit Britama Bisnis, Kartu Debit Prioritas, Kartu Debit Private dan Kartu Kredit Platinum, JCB Platinum, World Access, Infinite
4. Berlaku hari kamis-minggu
5. Berlaku di seluruh outlet Penang Bistro",2024-06-16 00:00:00,2024-12-31 00:00:00,PM-0000008,No Call Type,Promotion,Promotion
Lifestyle & Entertainment,2024-06-16 13:30:05,Lifestyle & Entertainment,"Kartu Kredit,Kartu Debit",Beauty+,Seluruh outlet Beauty+,Diskon 10%,Diskon 10%,"1. Minimal transaksi Rp1.000.000
2. Maksimal diskon Rp300.000
3. Berlaku untuk Debit BRI berlogo mastercard dan seluruh Kartu Kredit BRI (kecuali corporate card)
4. Berlaku diseluruh outlet beauty +
5. Tidak berlaku kelipatan
6. Hanya berlaku setiap hari senin, selasa, rabu dan kamis
7. Berlaku untuk 1 kali transaksi/hari/nasabah","1. Minimal transaksi Rp1.000.000
2. Maksimal diskon Rp300.000
3. Berlaku untuk Debit BRI berlogo mastercard dan seluruh Kartu Kredit BRI (kecuali corporate card)
4. Berlaku diseluruh outlet beauty +
5. Tidak berlaku kelipatan
6. Hanya berlaku setiap hari senin, selasa, rabu dan kamis
7. Berlaku untuk 1 kali transaksi/hari/nasabah",2024-06-16 00:00:00,2024-06-30 00:00:00,PM-0000009,No Call Type,Promotion,Promotion
Lifestyle & Entertainment,2024-06-16 13:32:36,Lifestyle & Entertainment,Kartu Debit,Dan+Dan,Seluruh outlet Dan+Dan,Diskon Rp10.000,Diskon Rp10.000,"1. Minimal transaksi Rp150.000
2. Berlaku untuk Debit BRI Mastercard
3. Berlaku di seluruh outlet Dan+Dan
4. Berlaku setiap jumat - minggu
5. Berlaku untuk 1 kali transaksi/hari/nasabah","1. Minimal transaksi Rp150.000
2. Berlaku untuk Debit BRI Mastercard
3. Berlaku di seluruh outlet Dan+Dan
4. Berlaku setiap jumat - minggu
5. Berlaku untuk 1 kali transaksi/hari/nasabah",2024-06-16 00:00:00,2024-07-31 00:00:00,PM-0000010,No Call Type,Promotion,Promotion
Food & Beverages,2024-03-27 22:37:23,Food & Beverages,"1. Kartu Debit BRI Prioritas, Private & Bisnis Premium 
2. Kartu Kredit BRI World Access dan Infinite, kecuali Corporate Card",LeTeN,Seluruh Indonesia,Diskon 35% maks. Rp350.000,Diskon 35% maks. Rp350.000,"1. Min. transaksi Rp350.000
2. Berlaku setiap hari","1. Min. transaksi Rp350.000
2. Berlaku setiap hari",2024-01-01 00:00:00,2024-06-30 00:00:00,PM-0000011,No Call Type,Promotion,Promotion
Food & Beverages,2024-03-27 22:37:23,Food & Beverages,"Kartu Kredit BRI kecuali World Access, Infinite, dan Corporate Card)",Yakiniku Like,Tidak berlaku di Surabaya,Diskon 20% maks. Rp200.000,Diskon 20% maks. Rp200.000,"1. Min. transaksi Rp350.000
2. Berlaku setiap hari","1. Min. transaksi Rp350.000
2. Berlaku setiap hari",2024-01-01 00:00:00,2024-06-30 00:00:00,PM-0000012,No Call Type,Promotion,Promotion
Food & Beverages,2024-04-22 13:11:34,Food & Beverages,Kartu Kredit,Testing,Jakarta,"[{""name"":""tabel benefit promo"",""table_data"":[[{""key"":""0-0"",""value"":""Section"",""row_span"":1,""col_span"":1},{""key"":""0-1"",""value"":""Calltype"",""row_span"":1,""col_span"":1},{""key"":""0-2"",""value"":""User"",""row_span"":1,""col_span"":1},{""key"":""0-3"",""value"":""Kategori"",""row_span"":1,""col_span"":1},{""key"":""0-4"",""value"":""Sub Kategori"",""row_span"":1,""col_span"":1},{""key"":""0-5"",""value"":""Greeting"",""row_span"":1,""col_span"":1},{""key"":""0-6"",""value"":""Empati"",""row_span"":1,""col_span"":1},{""key"":""0-7"",""value"":""Konfirmasi"",""row_span"":1,""col_span"":1},{""key"":""0-8"",""value"":""Verifikasi"",""row_span"":1,""col_span"":1},{""key"":""0-9"",""value"":""Cek Laporan"",""row_span"":1,""col_span"":1},{""key"":""0-10"",""value"":""Gali Informasi"",""row_span"":1,""col_span"":1},{""key"":""0-11"",""value"":""Pembuatan Laporan"",""row_span"":1,""col_span"":1},{""key"":""0-12"",""value"":""Solusi"",""row_span"":1,""col_span"":1},{""key"":""0-13"",""value"":""Konfirmasi Ulang"",""row_span"":1,""col_span"":1},{""key"":""0-14"",""value"":""Edukasi Cross Selling"",""row_span"":1,""col_span"":1},{""key"":""0-15"",""value"":""Closing"",""row_span"":1,""col_span"":1}]]}]",tabel benefit promoSectionCalltypeUserKategoriSub KategoriGreetingEmpatiKonfirmasiVerifikasiCek LaporanGali InformasiPembuatan LaporanSolusiKonfirmasi UlangEdukasi Cross SellingClosing,table syarat dan ketentuanSectionCalltypeUserKategoriSub KategoriGreetingEmpatiKonfirmasiVerifikasiCek LaporanGali InformasiPembuatan LaporanSolusiKonfirmasi UlangEdukasi Cross SellingClosingBanking0000csBRIMOtestingtesttesttesttesttesttesttesttesttetstesttest,"[{""name"":""table syarat dan ketentuan"",""table_data"":[[{""key"":""0-0"",""value"":""Section"",""row_span"":1,""col_span"":1},{""key"":""0-1"",""value"":""Calltype"",""row_span"":1,""col_span"":1},{""key"":""0-2"",""value"":""User"",""row_span"":1,""col_span"":1},{""key"":""0-3"",""value"":""Kategori"",""row_span"":1,""col_span"":1},{""key"":""0-4"",""value"":""Sub Kategori"",""row_span"":1,""col_span"":1},{""key"":""0-5"",""value"":""Greeting"",""row_span"":1,""col_span"":1},{""key"":""0-6"",""value"":""Empati"",""row_span"":1,""col_span"":1},{""key"":""0-7"",""value"":""Konfirmasi"",""row_span"":1,""col_span"":1},{""key"":""0-8"",""value"":""Verifikasi"",""row_span"":1,""col_span"":1},{""key"":""0-9"",""value"":""Cek Laporan"",""row_span"":1,""col_span"":1},{""key"":""0-10"",""value"":""Gali Informasi"",""row_span"":1,""col_span"":1},{""key"":""0-11"",""value"":""Pembuatan Laporan"",""row_span"":1,""col_span"":1},{""key"":""0-12"",""value"":""Solusi"",""row_span"":1,""col_span"":1},{""key"":""0-13"",""value"":""Konfirmasi Ulang"",""row_span"":1,""col_span"":1},{""key"":""0-14"",""value"":""Edukasi Cross Selling"",""row_span"":1,""col_span"":1},{""key"":""0-15"",""value"":""Closing"",""row_span"":1,""col_span"":1}],[{""key"":""1-0"",""value"":""Banking"",""row_span"":1,""col_span"":1},{""key"":""1-1"",""value"":""0000"",""row_span"":1,""col_span"":1},{""key"":""1-2"",""value"":""cs"",""row_span"":1,""col_span"":1},{""key"":""1-3"",""value"":""BRIMO"",""row_span"":1,""col_span"":1},{""key"":""1-4"",""value"":""testing"",""row_span"":1,""col_span"":1},{""key"":""1-5"",""value"":""test"",""row_span"":1,""col_span"":1},{""key"":""1-6"",""value"":""test"",""row_span"":1,""col_span"":1},{""key"":""1-7"",""value"":""test"",""row_span"":1,""col_span"":1},{""key"":""1-8"",""value"":""test"",""row_span"":1,""col_span"":1},{""key"":""1-9"",""value"":""test"",""row_span"":1,""col_span"":1},{""key"":""1-10"",""value"":""test"",""row_span"":1,""col_span"":1},{""key"":""1-11"",""value"":""test"",""row_span"":1,""col_span"":1},{""key"":""1-12"",""value"":""test"",""row_span"":1,""col_span"":1},{""key"":""1-13"",""value"":""tets"",""row_span"":1,""col_span"":1},{""key"":""1-14"",""value"":""test"",""row_span"":1,""col_span"":1},{""key"":""1-15"",""value"":""test"",""row_span"":1,""col_span"":1}]]}]",2024-04-30 00:00:00,2025-01-04 00:00:00,PM-0000013,No Call Type,Promotion,Promotion
Food & Beverages,2024-06-14 15:45:18,Food & Beverages,Kartu Kredit,Gandy Steak,-,Diskon 20%,Diskon 20%,"1 Minimum transaksi Rp200.000
2. Maksimum transaksi Rp2.000.000
3. Promo tidak dapat digabungkan dengan promo lain
4. Syarat & ketentuan berlaku
5. Promo tidak berlaku tanggal 10,14 Februari & 10, 11 April 2024
6. Berlaku untuk seluruh kartu kredit BRI, termasuk Co-Branding, kecuali Corporate Card","1 Minimum transaksi Rp200.000
2. Maksimum transaksi Rp2.000.000
3. Promo tidak dapat digabungkan dengan promo lain
4. Syarat & ketentuan berlaku
5. Promo tidak berlaku tanggal 10,14 Februari & 10, 11 April 2024
6. Berlaku untuk seluruh kartu kredit BRI, termasuk Co-Branding, kecuali Corporate Card",2024-06-14 00:00:00,2024-07-31 00:00:00,PM-0000014,No Call Type,Promotion,Promotion
Fashion,2024-03-27 22:37:23,Fashion,"1. Seluruh jenis Kartu Debit BRI 
2. Seluruh jenis Kartu Kredit BRI",Giordano Ladies,,Diskon 10%,Diskon 10%,"1. Min. transaksi Rp2.000.000
2. Berlaku setiap hari selama periode promo berlangsung
3. Cicilan 0% tenor 3 bulan dengan minimal transaksi Rp3.000.000
4. Cicilan 0% tenor 6 bulan dengan minimal transaksi Rp4.000.000
5. Cicilan 0% tenor 12 bulan dengan minimal transaksi Rp6.000.000","1. Min. transaksi Rp2.000.000
2. Berlaku setiap hari selama periode promo berlangsung
3. Cicilan 0% tenor 3 bulan dengan minimal transaksi Rp3.000.000
4. Cicilan 0% tenor 6 bulan dengan minimal transaksi Rp4.000.000
5. Cicilan 0% tenor 12 bulan dengan minimal transaksi Rp6.000.000",2023-10-01 00:00:00,2024-09-30 00:00:00,PM-0000015,No Call Type,Promotion,Promotion
Travel & Hotel,2024-03-27 22:37:23,Travel & Hotel,- Transaksi BRIVA BRI,JAYA PROPERTY,JAYA PROPERTY,- Free 1 swimming pool ticketuntuk pengguna BRIVA BRI,- Free 1 swimming pool ticketuntuk pengguna BRIVA BRI,"- Menunjukkan pembayaran IPL ke BRIVA BRI

- Maksimal 1 kali per bulan

- Berlaku setiap hari","- Menunjukkan pembayaran IPL ke BRIVA BRI

- Maksimal 1 kali per bulan

- Berlaku setiap hari",2022-11-01 00:00:00,2024-11-20 00:00:00,PM-0000016,No Call Type,Promotion,Promotion
Fashion,2024-06-14 11:16:43,Fashion,"Kartu Kredit,Kartu Debit",The North Face,Seluruh indonesia,Diskon 10%,Diskon 10%,"1. Minimum transaksi Rp1.000.000
2. Berlaku setiap hari selama periode promo berlangsung
3. Cicilan 0% tenor 3 bulan dengan minimal transaksi Rp1.000.000
4. Cicilan 0% tenor 6 bulan dengan minimal transaksi Rp2.000.000
5. Cicilan 0% tenor 12 bulan dengan minimal transaksi Rp3.000.000","1. Minimum transaksi Rp1.000.000
2. Berlaku setiap hari selama periode promo berlangsung
3. Cicilan 0% tenor 3 bulan dengan minimal transaksi Rp1.000.000
4. Cicilan 0% tenor 6 bulan dengan minimal transaksi Rp2.000.000
5. Cicilan 0% tenor 12 bulan dengan minimal transaksi Rp3.000.000",2023-10-01 00:00:00,2024-09-30 00:00:00,PM-0000017,No Call Type,Promotion,Promotion
Lifestyle & Entertainment,2024-06-14 15:48:40,Lifestyle & Entertainment,"Kartu Kredit,Kartu Debit",Kidzania,Pembelian on the spot,"Diskon 20% (One Day Pass)
Diskon 25% (Half Day Pass Weekend)
Diskon 30% (Half Day Pass Weekday)","Diskon 20% (One Day Pass)
Diskon 25% (Half Day Pass Weekend)
Diskon 30% (Half Day Pass Weekday)","1. Pembelian on the spot
2. Maksimal 4 tiket (anak/dewasa)
3. Dilarang membawa makanan & minuman ke dalam area KidZania.
4. Anak-anak berusia di bawah 8 tahun harus masuk bersama orang dewasa.
5. Anak-anak berusia di atas 8 tahun  tanpa pendamping orang dewasa harap dilengkapi HP GSM serta membawa uang Rupiah
6. Pengunjung dewasa tanpa anak tidak diperkenankan masuk ke KidZania.
7. Pengunjung dewasa dan/atau toddler dapat diperkenankan untuk keluar area KidZania untuk sementara waktu dan kembali ke area KidZania sepanjang masih dalam satu sesi operasional KidZania. 
8. Ketentuan ini tidak berlaku bagi pengunjung kategori anak (usia 4-16 tahun).
9. Pengunjung dewasa tidak boleh bertukar gelang dengan pengunjung dewasa lain.
10. Pengunjung diwajibkan mengembalikan gelang pengaman kepada petugas ketika meninggalkan area KidZania.
11. Biaya tambahan akan dikenakan jika Customer merubah tanggal atau sesi kunjungan tiket-presale.
12. Perubahan kategori Visitor (Toddler/Anak/Dewasa) akan dikenakan biaya tambahan sesuai harga yang tercantum dan untuk perubahan ke harga tiket yang lebih rendah tidak berlaku refund.
13. KidZania memberikan keistimewaan kepada anak yang merayakan hari ulang tahunnya dengan membeli paket resmi perayaan ulang tahun di KidZania berupa pemberian Izin bagi anak yang merayakan ulang tahun tersebut untuk dapat langsung bermain tanpa mengantri di establishment yang ada di KidZania dengan membawa 1 (satu) orang teman.
14. Promo tidak berlaku di high season
15. Berlaku untuk Debit BRI (Tabungan BritAma, Simpedes, BRI Junio, BRI Prioritas), Kartu Kredit BRI dan BRIZZI","1. Pembelian on the spot
2. Maksimal 4 tiket (anak/dewasa)
3. Dilarang membawa makanan & minuman ke dalam area KidZania.
4. Anak-anak berusia di bawah 8 tahun harus masuk bersama orang dewasa.
5. Anak-anak berusia di atas 8 tahun  tanpa pendamping orang dewasa harap dilengkapi HP GSM serta membawa uang Rupiah
6. Pengunjung dewasa tanpa anak tidak diperkenankan masuk ke KidZania.
7. Pengunjung dewasa dan/atau toddler dapat diperkenankan untuk keluar area KidZania untuk sementara waktu dan kembali ke area KidZania sepanjang masih dalam satu sesi operasional KidZania. 
8. Ketentuan ini tidak berlaku bagi pengunjung kategori anak (usia 4-16 tahun).
9. Pengunjung dewasa tidak boleh bertukar gelang dengan pengunjung dewasa lain.
10. Pengunjung diwajibkan mengembalikan gelang pengaman kepada petugas ketika meninggalkan area KidZania.
11. Biaya tambahan akan dikenakan jika Customer merubah tanggal atau sesi kunjungan tiket-presale.
12. Perubahan kategori Visitor (Toddler/Anak/Dewasa) akan dikenakan biaya tambahan sesuai harga yang tercantum dan untuk perubahan ke harga tiket yang lebih rendah tidak berlaku refund.
13. KidZania memberikan keistimewaan kepada anak yang merayakan hari ulang tahunnya dengan membeli paket resmi perayaan ulang tahun di KidZania berupa pemberian Izin bagi anak yang merayakan ulang tahun tersebut untuk dapat langsung bermain tanpa mengantri di establishment yang ada di KidZania dengan membawa 1 (satu) orang teman.
14. Promo tidak berlaku di high season
15. Berlaku untuk Debit BRI (Tabungan BritAma, Simpedes, BRI Junio, BRI Prioritas), Kartu Kredit BRI dan BRIZZI",2024-06-14 00:00:00,2024-06-15 00:00:00,PM-0000018,No Call Type,Promotion,Promotion
Food & Beverages,2024-06-14 16:13:26,Food & Beverages,"Kartu Kredit,Kartu Debit,QRIS",Feel Matcha,Seluruh outlet,Diskon Rp20.000,Diskon Rp20.000,"- Berlaku untuk all product food and beverages 
- Minimal transaksi Rp70.000 (belum termasuk pajak)
- Berlaku untuk hari PAYDAY (tanggal 25-26 setiap bulannya)
- Berlaku 1 kartu/1 user per hari","- Berlaku untuk all product food and beverages 
- Minimal transaksi Rp70.000 (belum termasuk pajak)
- Berlaku untuk hari PAYDAY (tanggal 25-26 setiap bulannya)
- Berlaku 1 kartu/1 user per hari",2024-06-14 00:00:00,2024-09-25 00:00:00,PM-0000019,No Call Type,Promotion,Promotion
Food & Beverages,2024-06-14 16:31:01,Food & Beverages,"Kartu Kredit,Kartu Debit,BRImo",Jco Reserve,-,"1. Buy 1 Get 1 (Buy 1 Hot Meals Free 1 Chicken Fried Rice)
2. Buy 1 Get 1 (Buy 1 Beverage Free 1 Sachet Coffee Drip Signature)","1. Buy 1 Get 1 (Buy 1 Hot Meals Free 1 Chicken Fried Rice)
2. Buy 1 Get 1 (Buy 1 Beverage Free 1 Sachet Coffee Drip Signature)","1. Buy 1 Get 1 (Buy 1 Hot Meals Free 1 Chicken Fried Rice)		
a. Khusus pengguna Debit BRI, BRImo, dan Kartu Kredit BRI	
b. Berlaku setiap senin-jumat
c. 1x transaksi/akun/hari	
d. Tidak berlaku kelipatan	
e. Promo tidak dapat digabung dengan promo lain	

2. Buy 1 Get 1 (Buy 1 Beverage Free 1 Sachet Coffee Drip Signature)
a. Khusus pengguna Debit BRI, BRImo, dan Kartu Kredit BRI
Promo berlaku hingga 30 Juni 2024 setiap Senin - Jumat
b. Berlaku setiap senin-jumat
c. 1x transaksi/akun/hari	
d. Tidak berlaku kelipatan	
e. Promo tidak dapat digabung dengan promo lain","1. Buy 1 Get 1 (Buy 1 Hot Meals Free 1 Chicken Fried Rice)		
a. Khusus pengguna Debit BRI, BRImo, dan Kartu Kredit BRI	
b. Berlaku setiap senin-jumat
c. 1x transaksi/akun/hari	
d. Tidak berlaku kelipatan	
e. Promo tidak dapat digabung dengan promo lain	

2. Buy 1 Get 1 (Buy 1 Beverage Free 1 Sachet Coffee Drip Signature)
a. Khusus pengguna Debit BRI, BRImo, dan Kartu Kredit BRI
Promo berlaku hingga 30 Juni 2024 setiap Senin - Jumat
b. Berlaku setiap senin-jumat
c. 1x transaksi/akun/hari	
d. Tidak berlaku kelipatan	
e. Promo tidak dapat digabung dengan promo lain",2024-06-14 00:00:00,2024-06-30 00:00:00,PM-0000020,No Call Type,Promotion,Promotion
Food & Beverages,2024-03-27 22:37:23,Food & Beverages,"1. DIskon 20%: 
Seluruh Kartu Kredit BRI kecuali World Access, Infinite, dan Corporate Card
2. Diskon 35%:
a. Kartu Debit BRI Prioritas, Private & Bisnis Premium
b. Kartu Kredit BRI World Access dan Infinite, kecuali Corporate Card",Bakerzin,Seluruh Indonesia,"1. Diskon 20% maks. Rp200.000
2. Diskon 35% maks. Rp350.000","1. Diskon 20% maks. Rp200.000
2. Diskon 35% maks. Rp350.000",Berlaku setiap hari,Berlaku setiap hari,2024-01-01 00:00:00,2024-06-30 00:00:00,PM-0000021,No Call Type,Promotion,Promotion
Food & Beverages,2024-03-27 22:37:23,Food & Beverages,"1. Kartu Debit BRI Prioritas, Private & Bisnis Premium  
2. Kartu Kredit BRI World Access dan Infinite (kecuali Corporate Card)",Kaiyo,"Sushi Kaiyo Lippo Mall Puri, Senayan Park dan Kaiyo Pantai Indah Kapuk",Diskon 35% maks. Rp200.000,Diskon 35% maks. Rp200.000,"1. Min. transaksi Rp350.000
2. Berlaku setiap hari","1. Min. transaksi Rp350.000
2. Berlaku setiap hari",2024-01-01 00:00:00,2024-06-30 00:00:00,PM-0000022,No Call Type,Promotion,Promotion
Food & Beverages,2024-03-27 22:37:23,Food & Beverages,"1. Kartu Debit BRI Prioritas, Private & Bisnis Premium 
2. Kartu Kredit BRI World Access dan Infinite, kecuali Corporate Card",Onokabe,Berlaku di Onokabe Alam Sutera,Buy 2 Get 3,Buy 2 Get 3,"Berlaku setiap hari Jumat, Sabtu, Minggu","Berlaku setiap hari Jumat, Sabtu, Minggu",2024-01-01 00:00:00,2024-06-30 00:00:00,PM-0000023,No Call Type,Promotion,Promotion
Fashion,2024-06-14 11:00:37,Fashion,"Kartu Kredit,Kartu Debit",Keds,Seluruh indonesia,Diskon 10%,Diskon 10%,"1. Minimal transaksi Rp1.500.000
2. Berlaku setiap hari selama periode promo berlangsung
3. Cicilan 0% tenor 3 bulan dengan minimal transaksi Rp2.000.000
4. Cicilan 0% tenor 6 bulan dengan minimal transaksi Rp3.000.000
5. Cicilan 0% tenor 12 bulan dengan minimal transaksi Rp4.000.000","1. Minimal transaksi Rp1.500.000
2. Berlaku setiap hari selama periode promo berlangsung
3. Cicilan 0% tenor 3 bulan dengan minimal transaksi Rp2.000.000
4. Cicilan 0% tenor 6 bulan dengan minimal transaksi Rp3.000.000
5. Cicilan 0% tenor 12 bulan dengan minimal transaksi Rp4.000.000",2023-10-01 00:00:00,2024-09-30 00:00:00,PM-0000024,No Call Type,Promotion,Promotion
Food & Beverages,2024-06-14 15:18:33,Food & Beverages,Kartu Debit,Paul Le Cafe,Terminal 3 Domestik Soekarno Hatta,Free Compliment,Free Compliment,"1. Gratis 1 gelas kopi untuk kartu debit prioritas/hari/kartu berlaku setiap hari 
2. Gratis 2 gelas kopi untuk kartu debit private/hari/kartu berlaku setiap hari 
3. Cardholder akan di charge Rp1 sebanyak 1x untuk kartu debit prioritas
4. Cardholder akan di charge Rp1 sebanyak 2x untuk kartu debit private 
5. Berlaku di Paul Le Cafe Terminal 3 Domestik Soekarno Hatta 
6. Hanya berlaku untuk nasabah BRI Private dan BRI Prioritas","1. Gratis 1 gelas kopi untuk kartu debit prioritas/hari/kartu berlaku setiap hari 
2. Gratis 2 gelas kopi untuk kartu debit private/hari/kartu berlaku setiap hari 
3. Cardholder akan di charge Rp1 sebanyak 1x untuk kartu debit prioritas
4. Cardholder akan di charge Rp1 sebanyak 2x untuk kartu debit private 
5. Berlaku di Paul Le Cafe Terminal 3 Domestik Soekarno Hatta 
6. Hanya berlaku untuk nasabah BRI Private dan BRI Prioritas",2024-06-14 00:00:00,2024-12-31 00:00:00,PM-0000025,No Call Type,Promotion,Promotion
Food & Beverages,2024-06-16 13:09:02,Food & Beverages,"Kartu Kredit,Kartu Debit",Maison Tatsuya Teppanyaki,Seluruh outlet Maison Tatsuya,Diskon 20%,Diskon 20%,"1. Minimal transaksi Rp750.000
2. Maksimal diskon Rp150.000
3. Berlaku Kartu Debit Britama Bisnis, Kartu Debit Prioritas, Kartu Debit Private dan Kartu Kredit Platinum, JCB Platinum, World Access, Infinite
4. Berlaku hari kamis-minggu
5. Berlaku di seluruh outlet Maison Tatsuya","1. Minimal transaksi Rp750.000
2. Maksimal diskon Rp150.000
3. Berlaku Kartu Debit Britama Bisnis, Kartu Debit Prioritas, Kartu Debit Private dan Kartu Kredit Platinum, JCB Platinum, World Access, Infinite
4. Berlaku hari kamis-minggu
5. Berlaku di seluruh outlet Maison Tatsuya",2024-06-16 00:00:00,2024-12-31 00:00:00,PM-0000026,No Call Type,Promotion,Promotion
Food & Beverages,2024-06-19 11:18:10,Food & Beverages,"Kartu Kredit,Kartu Debit",Shaburi,Berlaku di outlet tertentu,Buy 2 Get 3,Buy 2 Get 3,"1. Berlaku setiap hari jumat, sabtu dan minggu
2. Berlaku untuk Kartu Debit BRI Prioritas, Private, & Bisnis Premium dan Kartu Kredit BRI World Access dan Infinite, kecuali Corporate Card","1. Berlaku setiap hari jumat, sabtu dan minggu
2. Berlaku untuk Kartu Debit BRI Prioritas, Private, & Bisnis Premium dan Kartu Kredit BRI World Access dan Infinite, kecuali Corporate Card",2024-01-01 00:00:00,2024-06-30 00:00:00,PM-0000027,No Call Type,Promotion,Promotion
Food & Beverages,2024-06-19 11:19:45,Food & Beverages,Kartu Kredit,Shaburi,Berlaku di outlet tertentu,Diskon 20%,Diskon 20%,"1. Minimal transaksi Rp750.000
2. Berlaku setiap hari
3. Maksimal transaksi Rp200.000
4. Berlaku dengan menggunakan seluruh Kartu Kredit BRI kecuali World Access, Infinite, dan Corporate Card","1. Minimal transaksi Rp750.000
2. Berlaku setiap hari
3. Maksimal transaksi Rp200.000
4. Berlaku dengan menggunakan seluruh Kartu Kredit BRI kecuali World Access, Infinite, dan Corporate Card",2024-01-01 00:00:00,2024-06-30 00:00:00,PM-0000028,No Call Type,Promotion,Promotion
Food & Beverages,2024-06-19 11:29:21,Food & Beverages,"Kartu Kredit,Kartu Debit",Pepper Lunch,Berlaku di outlet tertentu,Diskon 35%,Diskon 35%,"1. Minimal transaksi Rp350.000
2. Maksimal diskon Rp350.000
3. Berlaku setiap hari
4. Berlaku dengan menggunakan Kartu Debit BRI Prioritas, Private & Bisnis Premium dan Kartu Kredit BRI World Access dan Infinite, kecuali Corporate Card","1. Minimal transaksi Rp350.000
2. Maksimal diskon Rp350.000
3. Berlaku setiap hari
4. Berlaku dengan menggunakan Kartu Debit BRI Prioritas, Private & Bisnis Premium dan Kartu Kredit BRI World Access dan Infinite, kecuali Corporate Card",2024-01-01 00:00:00,2024-06-30 00:00:00,PM-0000029,No Call Type,Promotion,Promotion
Food & Beverages,2024-03-27 22:37:23,Food & Beverages,"1. Seluruh jenis Kartu Debit BRI
2. Seluruh jenis Kartu Kredit BRI 
3. BRImo",Paul Le Cafe,Seluruh indonesia,Diskon 20% maks. Rp100.000,Diskon 20% maks. Rp100.000,"1. Min. transaksi Rp350.000
2. Berlaku setiap hari Senin - Jumat","1. Min. transaksi Rp350.000
2. Berlaku setiap hari Senin - Jumat",2023-11-06 00:00:00,2024-10-31 00:00:00,PM-0000030,No Call Type,Promotion,Promotion
Food & Beverages,2024-03-27 22:37:23,Food & Beverages,"1. Kartu Debit BRI Prioritas, Private, & Bisnis Premium 
2. Kartu Kredit BRI World Access dan Infinite (kecuali Corporate Card)",Kintan Buffet,"Berlaku di MKG, Central Park, Kota Kasablanka, Grand Indonesia, Lippo Mall Puri",Buy 2 Get 3,Buy 2 Get 3,"Berlaku setiap hari Jumat, Sabtu, Minggu","Berlaku setiap hari Jumat, Sabtu, Minggu",2024-01-01 00:00:00,2024-06-30 00:00:00,PM-0000031,No Call Type,Promotion,Promotion
Food & Beverages,2024-03-27 22:37:23,Food & Beverages,"1. Kartu Debit BRI berlogo Mastercard 
2. Seluruh jenis Kartu Kredit BRI",Loaf Bun,Berlaku di Loaf Bun Green Lake City,Diskon 30% maks. Rp50.000,Diskon 30% maks. Rp50.000,"1. Min. transaksi Rp50.000
2. Berlaku setiap hari","1. Min. transaksi Rp50.000
2. Berlaku setiap hari",2024-01-01 00:00:00,2024-06-30 00:00:00,PM-0000032,No Call Type,Promotion,Promotion
Food & Beverages,2024-03-27 22:37:23,Food & Beverages,"Kartu Kredit BRI kecuali World Access, Infinite, dan Corporate Card)",Onokabe,Berlaku di Onokabe Alam Sutera,Diskon 20% maks. Rp200.000,Diskon 20% maks. Rp200.000,"1. Min. transaksi Rp750.000
2. Berlaku setiap hari","1. Min. transaksi Rp750.000
2. Berlaku setiap hari",2024-01-01 00:00:00,2024-06-30 00:00:00,PM-0000033,No Call Type,Promotion,Promotion
Travel & Hotel,2024-03-27 22:37:23,Travel & Hotel,"Kartu Kredit BRI, kecuali Corporate Card",Leuweung Geledegan Ecolodge,,Diskon 10%,Diskon 10%,"Berlaku untuk harga kamar .
Promo tidak dapat digabungkan dengan promo lainnya","Berlaku untuk harga kamar .
Promo tidak dapat digabungkan dengan promo lainnya",2023-08-01 00:00:00,2024-07-31 00:00:00,PM-0000034,No Call Type,Promotion,Promotion
Food & Beverages,2024-06-14 11:53:03,Food & Beverages,"Kartu Kredit,Kartu Debit,BRImo",Grand Hyatt,Jakarta,Buy 2 Get 3,Buy 2 Get 3,"1. Buffet at Grand Café
2. Berlaku untuk maksimal enam orang (termasuk dua orang gratis) per kartu/nama per hari
3. Berlaku untuk semua kartu kredit, debit BRI & QRIS BRImo","1. Buffet at Grand Café
2. Berlaku untuk maksimal enam orang (termasuk dua orang gratis) per kartu/nama per hari
3. Berlaku untuk semua kartu kredit, debit BRI & QRIS BRImo",2024-06-14 00:00:00,2024-12-31 00:00:00,PM-0000035,No Call Type,Promotion,Promotion
Food & Beverages,2024-06-16 12:09:40,Food & Beverages,Kartu Kredit,Ben's Gong Tea,-,Diskon 20%,Diskon 20%,"1. Minimum transaksi Rp100.000
2. Maksimum transaksi Rp1.000.000
3. Promo tidak dapat digabungkan dengan promo lain
4. Syarat & ketentuan berlaku
5. Berlaku untuk seluruh Kartu Kredit BRI, termasuk Co-Branding, kecuali Corporate Card","1. Minimum transaksi Rp100.000
2. Maksimum transaksi Rp1.000.000
3. Promo tidak dapat digabungkan dengan promo lain
4. Syarat & ketentuan berlaku
5. Berlaku untuk seluruh Kartu Kredit BRI, termasuk Co-Branding, kecuali Corporate Card",2024-06-16 00:00:00,2024-07-31 00:00:00,PM-0000036,No Call Type,Promotion,Promotion
Food & Beverages,2024-06-16 12:13:58,Food & Beverages,Kartu Kredit,Cupbob,-,Diskon Rp10.000,Diskon Rp10.000,"1. Minimal transaksi Rp50.000
2. Berlaku 1 kartu/hari/transaksi
3. Promo tidak dapat digabung dengan promo lain
4. Berlaku setiap tanggal 24 dan 25
5. Berlaku untuk seluruh Kartu Kredit BRI, tidak termasuk Corporate Card","1. Minimal transaksi Rp50.000
2. Berlaku 1 kartu/hari/transaksi
3. Promo tidak dapat digabung dengan promo lain
4. Berlaku setiap tanggal 24 dan 25
5. Berlaku untuk seluruh Kartu Kredit BRI, tidak termasuk Corporate Card",2024-06-16 00:00:00,2024-12-31 00:00:00,PM-0000037,No Call Type,Promotion,Promotion
Food & Beverages,2024-06-16 12:32:32,Food & Beverages,"Kartu Kredit,Kartu Debit,BRImo,QRIS",Jco Reguler,-,Buy 2 Get 4 (Beli 2 Box Jpops Free 2 Beverage*),Buy 2 Get 4 (Beli 2 Box Jpops Free 2 Beverage*),"1. Khusus pengguna Debit BRI, BRImo, dan Kartu Kredit BRI
2. Berlaku setiap senin - jumat
3. 1x transaksi/akun/hari
4. Tidak berlaku kelipatan
5. Promo tidak dapat digabung dengan promo lain","1. Khusus pengguna Debit BRI, BRImo, dan Kartu Kredit BRI
2. Berlaku setiap senin - jumat
3. 1x transaksi/akun/hari
4. Tidak berlaku kelipatan
5. Promo tidak dapat digabung dengan promo lain",2024-06-16 00:00:00,2024-06-30 00:00:00,PM-0000038,No Call Type,Promotion,Promotion
Food & Beverages,2024-03-27 22:37:23,Food & Beverages,"1. Seluruh jenis Kartu Debit BRI
2. Seluruh jenis Kartu Kredit BRI 
3. BRImo",Paul Le Cafe ( Payday Treat),Berlaku di selected store Paul Le Café,"Buy 2 Vienn, Free 1 Coffee","Buy 2 Vienn, Free 1 Coffee",Payday Promo (setiap tanggal 25-30/31 di setiap bulannya),Payday Promo (setiap tanggal 25-30/31 di setiap bulannya),,2024-09-30 00:00:00,PM-0000039,No Call Type,Promotion,Promotion
Food & Beverages,2024-03-27 22:37:23,Food & Beverages,"Kartu Kredit BRI kecuali World Access, Infinite, dan Corporate Card)",Kaiyo,"Sushi Kaiyo Lippo Mall Puri, Senayan Park dan Kaiyo Pantai Indah Kapuk",Diskon 20% maks Rp200.000,Diskon 20% maks Rp200.000,"1. Min. transaksi Rp350.000
2. Berlaku setiap hari","1. Min. transaksi Rp350.000
2. Berlaku setiap hari",2024-01-01 00:00:00,2024-06-30 00:00:00,PM-0000040,No Call Type,Promotion,Promotion
Groceries,2024-03-27 22:37:23,Groceries,"1. Kartu Debit BRI Prioritas dan BRI Private 
2. Kartu Kredit BRI (termasuk Co-Branding, kecuali Corporate Card)",The FoodHall,Seluruh Indonesia,Diskon 10% atau maks. Rp100.000,Diskon 10% atau maks. Rp100.000,"1. Min. transaksi Rp1.000.000
2. Berlaku setiap hari Senin s.d. Jumat
3. berlaku untuk 1 kartu/hari/transaksi
4. Tidak Berlaku Kelipatan","1. Min. transaksi Rp1.000.000
2. Berlaku setiap hari Senin s.d. Jumat
3. berlaku untuk 1 kartu/hari/transaksi
4. Tidak Berlaku Kelipatan",2023-08-01 00:00:00,2024-07-31 00:00:00,PM-0000041,No Call Type,Promotion,Promotion
Travel & Hotel,2024-03-27 22:37:23,Travel & Hotel,Kartu Debit & Kredit BRI kecuali Corporate Credit Card,GARUDA INDONESIA,pembelian tiket melalui Website www.garuda-indonesia.com dan FlyGaruda App,"Diskon hingga Rp700.000

1. Potongan harga untuk pemegang kartu Debit BRI :

• Potongan sebesar Rp200.000 untuk minimum transaksi Rp3.000.000

• Potongan sebesar Rp450.000 untuk minimum transaksi Rp5.000.000

• Potongan sebesar Rp700.000 untuk minimum transaksi Rp7.000.000

2. Potongan harga untuk pemegang kartu Kredit BRI :

• Potongan sebesar Rp150.000 untuk minimum transaksi Rp3.000.000

• Potongan sebesar Rp300.000 untuk minimum transaksi Rp5.000.000

• Potongan sebesar Rp700.000 untuk minimum transaksi Rp8.000.000","Diskon hingga Rp700.000

1. Potongan harga untuk pemegang kartu Debit BRI :

• Potongan sebesar Rp200.000 untuk minimum transaksi Rp3.000.000

• Potongan sebesar Rp450.000 untuk minimum transaksi Rp5.000.000

• Potongan sebesar Rp700.000 untuk minimum transaksi Rp7.000.000

2. Potongan harga untuk pemegang kartu Kredit BRI :

• Potongan sebesar Rp150.000 untuk minimum transaksi Rp3.000.000

• Potongan sebesar Rp300.000 untuk minimum transaksi Rp5.000.000

• Potongan sebesar Rp700.000 untuk minimum transaksi Rp8.000.000","- Promo berlaku setiap hari Senin hingga kamis dengan menggunakan kode promo GABRI.
- Periode Perjalanan hingga 30 Juni 2024
- Tidak berlaku kelipatan.

- Tidak dapat digabung dengan promo lainnya.

- Potongan akan diporses selama kuota harian masih tersedia.

- Untuk mendapatkan potongan harga Pemegang Kartu harus memasukkan kode promo di halaman Website atau Aplikasi FlyGaruda sebelum memilih penerbangan.

- Potongan harga diproses pada tahapan pembayaran dimana sistem akan langsung memotong nilai transaksi.

- Potongan harga hanya berlaku untuk pembayaran menggunakan mata uang Rupiah (IDR).

- Berlaku Black Out Datedengan rute seperti yang tercantum pada website Garuda.

Ketentuan refund, reissued dan rescheduledari tiket pesawat berlaku sebagaimana aturan yang berlaku di Garuda Indonesia sesuai sub-class tiket masing-masing

Dalam hal terjadinya refund, pelanggan dapat mengirimkan email ke e-booking@garuda-indonesia.com

Dalam hal terjadinyareschedule dan reissued, pelanggan dapat menghubungi call center Garuda Indonesia di nomor 0804 1 807 807 atau 021 2351 9999, serta live chat.

Ketentuan reschedule dan reissueddiluar periode promo untuk tiket dengan harga diskon special dari tiket pesawat berlaku untuk upsell pada published fare.","- Promo berlaku setiap hari Senin hingga kamis dengan menggunakan kode promo GABRI.
- Periode Perjalanan hingga 30 Juni 2024
- Tidak berlaku kelipatan.

- Tidak dapat digabung dengan promo lainnya.

- Potongan akan diporses selama kuota harian masih tersedia.

- Untuk mendapatkan potongan harga Pemegang Kartu harus memasukkan kode promo di halaman Website atau Aplikasi FlyGaruda sebelum memilih penerbangan.

- Potongan harga diproses pada tahapan pembayaran dimana sistem akan langsung memotong nilai transaksi.

- Potongan harga hanya berlaku untuk pembayaran menggunakan mata uang Rupiah (IDR).

- Berlaku Black Out Datedengan rute seperti yang tercantum pada website Garuda.

Ketentuan refund, reissued dan rescheduledari tiket pesawat berlaku sebagaimana aturan yang berlaku di Garuda Indonesia sesuai sub-class tiket masing-masing

Dalam hal terjadinya refund, pelanggan dapat mengirimkan email ke e-booking@garuda-indonesia.com

Dalam hal terjadinyareschedule dan reissued, pelanggan dapat menghubungi call center Garuda Indonesia di nomor 0804 1 807 807 atau 021 2351 9999, serta live chat.

Ketentuan reschedule dan reissueddiluar periode promo untuk tiket dengan harga diskon special dari tiket pesawat berlaku untuk upsell pada published fare.",2023-09-04 00:00:00,2023-12-28 00:00:00,PM-0000042,No Call Type,Promotion,Promotion
Travel & Hotel,2024-03-27 22:37:23,Travel & Hotel,- Transaksi menggunakan Kartu Debit BRI/Kartu Kredit BRI/BRImo,JAYA PROPERTY,JAYA PROPERTY,Promo 1 : Buy 2 get 1 untuk nasabah BRI,Promo 1 : Buy 2 get 1 untuk nasabah BRI,"- Tidak berlaku kelipatan

- Berlaku pada hari Senin s.d. Jumat

- Transaksi dilakukan menggunakan EDC BRI

- Berlaku untuk 1 user/kartu/hari/transaksi","- Tidak berlaku kelipatan

- Berlaku pada hari Senin s.d. Jumat

- Transaksi dilakukan menggunakan EDC BRI

- Berlaku untuk 1 user/kartu/hari/transaksi",,2024-11-30 00:00:00,PM-0000043,No Call Type,Promotion,Promotion
Fashion,2024-06-14 10:57:42,Fashion,"Kartu Kredit,Kartu Debit",Giordano dan Giordano Kids,Seluruh indonesia,Diskon 10%,Diskon 10%,"1. Minimal transaksi Rp500.000
2. Berlaku setiap hari selama periode promo berlangsung
3. Cicilan 0% tenor 3 bulan dengan minimal transaksi Rp1.000.000
4. Cicilan 0% tenor 6 bulan dengan minimal transaksi Rp1.500.000
5. Cicilan 0% tenor 12 bulan dengan minimal transaksi Rp2.000.000
6. Berlaku setiap hari","1. Minimal transaksi Rp500.000
2. Berlaku setiap hari selama periode promo berlangsung
3. Cicilan 0% tenor 3 bulan dengan minimal transaksi Rp1.000.000
4. Cicilan 0% tenor 6 bulan dengan minimal transaksi Rp1.500.000
5. Cicilan 0% tenor 12 bulan dengan minimal transaksi Rp2.000.000
6. Berlaku setiap hari",2023-10-01 00:00:00,2024-09-30 00:00:00,PM-0000044,No Call Type,Promotion,Promotion
Food & Beverages,2024-06-14 14:54:13,Food & Beverages,"Kartu Kredit,Kartu Debit,BRImo",Grand Hyatt,Jakarta,Buy 2 Get 3,Buy 2 Get 3,"1. Berlaku untuk minimal pembelian 2 hamper berukuran besar dengan 1 hamper berukuran kecil 
2. Berlaku untuk hampers di Grand Hyatt Jakarta pada program hari besar seperti Ramadan, mooncakes dan Natal 
3. Berlaku maksimal 6 hampers (termasuk 2 hampers gratis) per kartu/nama per hari","1. Berlaku untuk minimal pembelian 2 hamper berukuran besar dengan 1 hamper berukuran kecil 
2. Berlaku untuk hampers di Grand Hyatt Jakarta pada program hari besar seperti Ramadan, mooncakes dan Natal 
3. Berlaku maksimal 6 hampers (termasuk 2 hampers gratis) per kartu/nama per hari",2024-06-14 00:00:00,2024-12-31 00:00:00,PM-0000045,No Call Type,Promotion,Promotion
Other,2024-06-16 13:35:24,Other,"Kartu Debit,Kartu Kredit",Axel Dental,"Berlaku outlet Buaran, Condet, Serpong, Bintaro, Depok, dan Jatiwaringi",Diskon 20%,Diskon 20%,"1. Minimal transaksi Rp500.000
2. Maksimal diskon Rp100.000
3. Berlaku Kartu Kredit BRI (kecuali Corporate Card) dan Debit BRI
4. Tidak berlaku kelipatan
5. Berlaku pembelian penuh
6. Berlaku untuk 1 transaksi / kartu / hari","1. Minimal transaksi Rp500.000
2. Maksimal diskon Rp100.000
3. Berlaku Kartu Kredit BRI (kecuali Corporate Card) dan Debit BRI
4. Tidak berlaku kelipatan
5. Berlaku pembelian penuh
6. Berlaku untuk 1 transaksi / kartu / hari",2024-06-16 00:00:00,2024-09-30 00:00:00,PM-0000046,No Call Type,Promotion,Promotion
Travel & Hotel,2024-06-16 13:37:54,Travel & Hotel,"Kartu Kredit,Kartu Debit,BRImo,QRIS",The Gruives Suites By Aston,-,Diskon 10%,Diskon 10%,"1. Berlaku untuk seluruh Debit BRI, Kartu Kredit BRI dan BRImo
2. Berlaku setiap hari
3. Berlaku untuk 1 kali transaksi/hari/nasabah
4. Untuk room & FNB di The grove suite by grand aston","1. Berlaku untuk seluruh Debit BRI, Kartu Kredit BRI dan BRImo
2. Berlaku setiap hari
3. Berlaku untuk 1 kali transaksi/hari/nasabah
4. Untuk room & FNB di The grove suite by grand aston",2024-06-16 00:00:00,2024-10-31 00:00:00,PM-0000047,No Call Type,Promotion,Promotion
Food & Beverages,2024-03-27 22:37:23,Food & Beverages,"Kartu Kredit BRI kecuali World Access, Infinite, dan Corporate Card)",Kintan Buffet,"Berlaku di MKG, Central Park, Kota Kasablanka, Grand Indonesia, Lippo Mall Puri",Diskon 20% maks. Rp200.000,Diskon 20% maks. Rp200.000,"1. Min. transaksi Rp750.000
2. Berlaku setiap hari","1. Min. transaksi Rp750.000
2. Berlaku setiap hari",2024-01-01 00:00:00,2024-06-30 00:00:00,PM-0000048,No Call Type,Promotion,Promotion
Travel & Hotel,2024-03-27 22:37:23,Travel & Hotel,BRImo,Wisata Rohani dengan BRIguna,MakTour (atau agent tranvel yang telah bekerjasama dengan BRI) untuk pemesanan tour umroh atau holyland,"- Cashback Rp.1.500.000,-

- Bunga mulai dari 0,75% efektif/bulan

- Tenor hingga 15 tahun","- Cashback Rp.1.500.000,-

- Bunga mulai dari 0,75% efektif/bulan

- Tenor hingga 15 tahun","- Apply via BRImo cair 15 menit

- Nasabah pencairan BRIguna melalui BRImo

- Minimal pencairan BRIguna melalui BRImo Rp 30 juta 

- Nasabah menghubungi MakTour (atau agent tranvel yang telah bekerjasama dengan BRI) untuk pemesanan tour umroh atau holyland

- Nasabah menunjukkan bukti pencairan BRIguna melalui BRImo (screen capture)

- Apabila nasabah telah bertransaksi paket tour, agent travel mengirimkan data nasabah ke BRI di email , data berupa:

- Nama Lengkap

- Nomor rekening BRI pencairan BRIguna

- Bukti transaksi pembelian tour

- BRI akan memberikan cashback ke rekening BRI nasabah maksimal H+30 dari email diterima dari agent travel","- Apply via BRImo cair 15 menit

- Nasabah pencairan BRIguna melalui BRImo

- Minimal pencairan BRIguna melalui BRImo Rp 30 juta 

- Nasabah menghubungi MakTour (atau agent tranvel yang telah bekerjasama dengan BRI) untuk pemesanan tour umroh atau holyland

- Nasabah menunjukkan bukti pencairan BRIguna melalui BRImo (screen capture)

- Apabila nasabah telah bertransaksi paket tour, agent travel mengirimkan data nasabah ke BRI di email , data berupa:

- Nama Lengkap

- Nomor rekening BRI pencairan BRIguna

- Bukti transaksi pembelian tour

- BRI akan memberikan cashback ke rekening BRI nasabah maksimal H+30 dari email diterima dari agent travel",,,PM-0000049,No Call Type,Promotion,Promotion
Travel & Hotel,2024-03-27 22:37:23,Travel & Hotel,Kartu Kredit BRI berlogo Visa,Booking.com,,Diskon 10%,Diskon 10%,"Promo tidak dapat digabung dengan promo lainnya
Info lebih lanjut : www.booking.com/visaid","Promo tidak dapat digabung dengan promo lainnya
Info lebih lanjut : www.booking.com/visaid",,2024-12-31 00:00:00,PM-0000050,No Call Type,Promotion,Promotion
Food & Beverages,2024-06-14 10:33:01,Food & Beverages,"Kartu Debit,BRImo,QRIS",Kopi Kenangan,"Seluruh outlet kopi kenangan kecuali bank lounge, airport, dan stasiun KCJB halim",Diskon 40%,Diskon 40%,"1. Minimal transaksi Rp30.000 dan maksimal diskon Rp12.000
2. Berlaku menggunakan Debit BRI dan QRIS di Brimo
3. Promo berlaku di seluruh outlet kopi kenangan kecuali bank lounge, airport, dan stasiun KCJB halim
4. Berlaku hari senin-jumat","1. Minimal transaksi Rp30.000 dan maksimal diskon Rp12.000
2. Berlaku menggunakan Debit BRI dan QRIS di Brimo
3. Promo berlaku di seluruh outlet kopi kenangan kecuali bank lounge, airport, dan stasiun KCJB halim
4. Berlaku hari senin-jumat",2024-06-14 00:00:00,2024-06-30 00:00:00,PM-0000051,No Call Type,Promotion,Promotion
Food & Beverages,2024-06-14 14:55:57,Food & Beverages,"Kartu Kredit,Kartu Debit",Simpang Raya,-,Diskon 20%,Diskon 20%,"1. Minimal transaksi Rp350.000 dan maksimal diskon Rp100.000
2. Promo tidak dapat digabungkan dengan promo lainnya
3. Promo berlaku setiap hari Senin s.d. Jumat
4. Berlaku untuk 1 kartu / hari / transaksi","1. Minimal transaksi Rp350.000 dan maksimal diskon Rp100.000
2. Promo tidak dapat digabungkan dengan promo lainnya
3. Promo berlaku setiap hari Senin s.d. Jumat
4. Berlaku untuk 1 kartu / hari / transaksi",2024-01-01 00:00:00,2024-06-30 00:00:00,PM-0000052,No Call Type,Promotion,Promotion
Food & Beverages,2024-06-14 16:07:34,Food & Beverages,"Kartu Debit,BRImo",Janji Jiwa,Selected store,"1. Diskon 25% 
2. Buy 1 Get 1 free any drink","1. Diskon 25% 
2. Buy 1 Get 1 free any drink","1. Diskon 25%
a. Maksimum diskon Rp 10.000 (sepuluh ribu rupiah), tanpa minimum purchase	
b. Berlaku setiap hari Senin – Kamis (Weekdays only)	
c. Tidak dapat digabung dengan promo lainnya	
d. Tidak Berlaku kelipatan	
e. Khusus untuk pembelian dine-in / take away	
f. 1 (satu) kartu/transaksi /hari	

2. Buy 1 Get 1 free any drink (Pay with the highest price)	
a. Berlaku setiap tanggal 25 – 27 setiap bulan 3 (tiga) hari per bulan hingga Juni 2024	
b. Tidak dapat digabung dengan promo lainnya	
c. Tidak Berlaku kelipatan	
d. Khusus untuk pembelian dine-in/ take away	
e. 1 (satu) kartu / transaksi / hari","1. Diskon 25%
a. Maksimum diskon Rp 10.000 (sepuluh ribu rupiah), tanpa minimum purchase	
b. Berlaku setiap hari Senin – Kamis (Weekdays only)	
c. Tidak dapat digabung dengan promo lainnya	
d. Tidak Berlaku kelipatan	
e. Khusus untuk pembelian dine-in / take away	
f. 1 (satu) kartu/transaksi /hari	

2. Buy 1 Get 1 free any drink (Pay with the highest price)	
a. Berlaku setiap tanggal 25 – 27 setiap bulan 3 (tiga) hari per bulan hingga Juni 2024	
b. Tidak dapat digabung dengan promo lainnya	
c. Tidak Berlaku kelipatan	
d. Khusus untuk pembelian dine-in/ take away	
e. 1 (satu) kartu / transaksi / hari",2024-06-14 00:00:00,2024-06-30 00:00:00,PM-0000053,No Call Type,Promotion,Promotion
Food & Beverages,2024-06-14 16:22:29,Food & Beverages,"Kartu Kredit,Kartu Debit,QRIS",Chez Takiro,-,Diskon 50%,Diskon 50%,"1. Minimal transaksi Rp50.000
2. Berlaku setiap hari
3. Berlaku untuk Debit BRI, Kartu Kredit BRI, BRIZZI, dan QRIS BRImo hanya untuk 1 kali transaksi/hari
4. Tidak berlaku kelipatan
5. Promo tidak dapat digabung dengan promo lainnya
6. Periode 1 Januari - 31 Desember 2024","1. Minimal transaksi Rp50.000
2. Berlaku setiap hari
3. Berlaku untuk Debit BRI, Kartu Kredit BRI, BRIZZI, dan QRIS BRImo hanya untuk 1 kali transaksi/hari
4. Tidak berlaku kelipatan
5. Promo tidak dapat digabung dengan promo lainnya
6. Periode 1 Januari - 31 Desember 2024",2024-06-14 00:00:00,2024-12-31 00:00:00,PM-0000054,No Call Type,Promotion,Promotion
Food & Beverages,2024-06-16 13:15:50,Food & Beverages,"Kartu Kredit,Kartu Debit",Seribu Rasa,Seluruh outlet Seribu Rasa,Diskon 20%,Diskon 20%,"1. Minimal transaksi Rp1.000.000
2. Maksimal diskon Rp200.000
3. Berlaku Kartu Debit Britama Bisnis, Kartu Debit Prioritas, Kartu Debit Private dan Kartu Kredit Platinum, JCB Platinum, World Access, Infinite
4. Berlaku hari kamis-minggu
5. Berlaku di seluruh outlet Seribu Rasa","1. Minimal transaksi Rp1.000.000
2. Maksimal diskon Rp200.000
3. Berlaku Kartu Debit Britama Bisnis, Kartu Debit Prioritas, Kartu Debit Private dan Kartu Kredit Platinum, JCB Platinum, World Access, Infinite
4. Berlaku hari kamis-minggu
5. Berlaku di seluruh outlet Seribu Rasa",2024-06-16 00:00:00,2024-12-31 00:00:00,PM-0000055,No Call Type,Promotion,Promotion
Food & Beverages,2024-03-27 22:37:23,Food & Beverages,"Kartu Kredit BRI kecuali World Access, Infinite, dan Corporate Card)",Putu Made,Berlaku di Putu Made PIK Avenue dan Senayan Park,Diskon 20% maks. Rp200.000,Diskon 20% maks. Rp200.000,"1. Min. transaksi Rp350.000
2. Berlaku setiap hari","1. Min. transaksi Rp350.000
2. Berlaku setiap hari",2024-01-01 00:00:00,2024-06-30 00:00:00,PM-0000056,No Call Type,Promotion,Promotion
Groceries,2024-03-27 22:37:23,Groceries,"1. Seluruh jenis Kartu Debit BRI
2. Seluruh jenis Kartu Kredit BRI
3. QRIS BRImo",Total Buah Segar,"Program hanya berlaku di outlet/store Total Buah Segar:
1. PT Tumbuh Bersama Sehat (store KH Noer Ali- Bekasi, Tanah Kusir, Karang Tengah Raya)
2. PT Total Pangan Group (store Menteng, Margonda, Bogor Pajajaran)
3. PT Totalitas Tanpa Batas (store BSD dan Wolter Monginsidi)",Free Voucher Up To Rp150.000 di Total Buah Segar,Free Voucher Up To Rp150.000 di Total Buah Segar,"1. Transaksi minimal sebesar Rp350.000 (Tiga ratus lima puluh ribu rupiah) customer berhak mendapatkan voucher senilai Rp50.000 (Lima puluh ribu rupiah).
2.  Transaksi minimal sebesar Rp700.000 (Tujuh ratus ribu rupiah), customer berhak mendapatkan voucher senilai Rp100.000 (Seratus ribu rupiah).
3. Transaksi minimal sebesar Rp1.050.000 (Satu juta lima puluh ribu rupiah), customer berhak mendapatkan voucher senilai Rp150.000 (Lima puluh ribu rupiah).
4.  Voucher yang diperoleh customer dapat digunakan untuk pembelanjaan berikutnya dengan syarat payment sebesar Rp200.000 (dua ratus ribu rupiah).
5. Pemberian reward voucher tidak dapat berlaku untuk pembelian kelipatan di atas Rp1.050.000
7. Berlaku untuk 1 kartu/transaksi/hari","1. Transaksi minimal sebesar Rp350.000 (Tiga ratus lima puluh ribu rupiah) customer berhak mendapatkan voucher senilai Rp50.000 (Lima puluh ribu rupiah).
2.  Transaksi minimal sebesar Rp700.000 (Tujuh ratus ribu rupiah), customer berhak mendapatkan voucher senilai Rp100.000 (Seratus ribu rupiah).
3. Transaksi minimal sebesar Rp1.050.000 (Satu juta lima puluh ribu rupiah), customer berhak mendapatkan voucher senilai Rp150.000 (Lima puluh ribu rupiah).
4.  Voucher yang diperoleh customer dapat digunakan untuk pembelanjaan berikutnya dengan syarat payment sebesar Rp200.000 (dua ratus ribu rupiah).
5. Pemberian reward voucher tidak dapat berlaku untuk pembelian kelipatan di atas Rp1.050.000
7. Berlaku untuk 1 kartu/transaksi/hari",2023-12-18 00:00:00,2024-06-30 00:00:00,PM-0000057,No Call Type,Promotion,Promotion
Travel & Hotel,2024-06-15 14:32:08,Travel & Hotel,"Kartu Kredit,Kartu Debit","Daftar Executive Lounge Kerjasama
(B.424.e-CDD/MPP/MSD/08/2023)",Airport Lounge sesuai daftar,"[{""name"":""Daftar airport lounge kerjasama"",""table_data"":[[{""key"":""0-0"",""value"":""No"",""row_span"":1,""col_span"":1},{""key"":""0-1"",""value"":""Nama Lounge"",""row_span"":1,""col_span"":1},{""key"":""0-2"",""value"":""Lokasi"",""row_span"":1,""col_span"":1},{""key"":""0-3"",""value"":""Kota"",""row_span"":1,""col_span"":1}],[{""key"":""1-0"",""value"":1,""row_span"":1,""col_span"":1},{""key"":""1-1"",""value"":""Concordia Lounge Banjarmasin"",""row_span"":1,""col_span"":1},{""key"":""1-2"",""value"":""Terminal domestik, Bandar Udara Syamsudin Noor, Banjarmasin"",""row_span"":1,""col_span"":1},{""key"":""1-3"",""value"":""Banjarmasin"",""row_span"":1,""col_span"":1}],[{""key"":""2-0"",""value"":2,""row_span"":1,""col_span"":1},{""key"":""2-1"",""value"":""Concordia Lounge T1 Surabaya"",""row_span"":1,""col_span"":1},{""key"":""2-2"",""value"":""Terminal domestik, Bandar Udara Internasional Juanda T1, Surabaya"",""row_span"":1,""col_span"":1},{""key"":""2-3"",""value"":""Surabaya"",""row_span"":1,""col_span"":1}],[{""key"":""3-0"",""value"":3,""row_span"":1,""col_span"":1},{""key"":""3-1"",""value"":""Concordia Blue Sky Premium Lounge"",""row_span"":1,""col_span"":1},{""key"":""3-2"",""value"":""Terminal 2,  Bandar Udara Internasional Juanda,  Surabaya"",""row_span"":1,""col_span"":1},{""key"":""3-3"",""value"":""Surabaya"",""row_span"":1,""col_span"":1}],[{""key"":""4-0"",""value"":4,""row_span"":1,""col_span"":1},{""key"":""4-1"",""value"":""Concordia Blue Sky Premium Lounge ( T2 Internasional)"",""row_span"":1,""col_span"":1},{""key"":""4-2"",""value"":""Terminal Internasional , Bandar Udara Internasional Juanda T2, Surabaya"",""row_span"":1,""col_span"":1},{""key"":""4-3"",""value"":""Surabaya"",""row_span"":1,""col_span"":1}],[{""key"":""5-0"",""value"":5,""row_span"":1,""col_span"":1},{""key"":""5-1"",""value"":""Concordia Lounge Semarang"",""row_span"":1,""col_span"":1},{""key"":""5-2"",""value"":""Bandar Udara Internasional Jendral Ahmad Yani, Semarang"",""row_span"":1,""col_span"":1},{""key"":""5-3"",""value"":""Semarang"",""row_span"":1,""col_span"":1}],[{""key"":""6-0"",""value"":6,""row_span"":1,""col_span"":1},{""key"":""6-1"",""value"":""Concordia Lounge Bali"",""row_span"":1,""col_span"":1},{""key"":""6-2"",""value"":""Bandar Udara Internasional I Gusti Ngurah rai , Denpasar, Bali"",""row_span"":1,""col_span"":1},{""key"":""6-3"",""value"":""Denpasar"",""row_span"":1,""col_span"":1}],[{""key"":""7-0"",""value"":7,""row_span"":1,""col_span"":1},{""key"":""7-1"",""value"":""Concordia Lounge Makassar"",""row_span"":1,""col_span"":1},{""key"":""7-2"",""value"":""Terminal domestik, Bandar Udara Sultan Hasanuddin, Makassar"",""row_span"":1,""col_span"":1},{""key"":""7-3"",""value"":""Makassar"",""row_span"":1,""col_span"":1}],[{""key"":""8-0"",""value"":8,""row_span"":1,""col_span"":1},{""key"":""8-1"",""value"":""Concordia Lounge Yogyakarta"",""row_span"":1,""col_span"":1},{""key"":""8-2"",""value"":""Terminal B Bandar Udara Internasioanl Adisucipto, Yogyakarta"",""row_span"":1,""col_span"":1},{""key"":""8-3"",""value"":""Yogyakarta"",""row_span"":1,""col_span"":1}],[{""key"":""9-0"",""value"":9,""row_span"":1,""col_span"":1},{""key"":""9-1"",""value"":""Concordia Lounge Kulon Progo ( Domestik )"",""row_span"":1,""col_span"":1},{""key"":""9-2"",""value"":""Terminal Keberangkatan Domestik, Bandar Udara Yogyakarta Internasional Airport, Kulon Progo"",""row_span"":1,""col_span"":1},{""key"":""9-3"",""value"":""Kulon progo"",""row_span"":1,""col_span"":1}],[{""key"":""10-0"",""value"":10,""row_span"":1,""col_span"":1},{""key"":""10-1"",""value"":""Concordia Lounge Kulon Progo ( Internasional )"",""row_span"":1,""col_span"":1},{""key"":""10-2"",""value"":""Bandar Udara Yogyakarta Internasional - Kulon Progo"",""row_span"":1,""col_span"":1},{""key"":""10-3"",""value"":""Kulon Progo"",""row_span"":1,""col_span"":1}],[{""key"":""11-0"",""value"":11,""row_span"":1,""col_span"":1},{""key"":""11-1"",""value"":""Concordia Lounge Solo"",""row_span"":1,""col_span"":1},{""key"":""11-2"",""value"":""Bandar Udara Internasioanl Adi Sumarno, Solo "",""row_span"":1,""col_span"":1},{""key"":""11-3"",""value"":""Solo"",""row_span"":1,""col_span"":1}],[{""key"":""12-0"",""value"":12,""row_span"":1,""col_span"":1},{""key"":""12-1"",""value"":""Concordia Lounge Manado "",""row_span"":1,""col_span"":1},{""key"":""12-2"",""value"":""Bandar Udara Sam Ratulangi, Manado"",""row_span"":1,""col_span"":1},{""key"":""12-3"",""value"":""Manado"",""row_span"":1,""col_span"":1}],[{""key"":""13-0"",""value"":13,""row_span"":1,""col_span"":1},{""key"":""13-1"",""value"":""Concordia Lounge Ambon"",""row_span"":1,""col_span"":1},{""key"":""13-2"",""value"":""Bandar Udara Internasioanl Pattimura, Ambon"",""row_span"":1,""col_span"":1},{""key"":""13-3"",""value"":""Ambon"",""row_span"":1,""col_span"":1}],[{""key"":""14-0"",""value"":14,""row_span"":1,""col_span"":1},{""key"":""14-1"",""value"":""Concordia Lounge Lombok "",""row_span"":1,""col_span"":1},{""key"":""14-2"",""value"":""Bandar Udara Internasioanl Pulau Lombok, Lombok"",""row_span"":1,""col_span"":1},{""key"":""14-3"",""value"":""Lombok"",""row_span"":1,""col_span"":1}],[{""key"":""15-0"",""value"":15,""row_span"":1,""col_span"":1},{""key"":""15-1"",""value"":""Concordia Lounge Kupang"",""row_span"":1,""col_span"":1},{""key"":""15-2"",""value"":""Bandar Udara Internasional El Tari, Kupang"",""row_span"":1,""col_span"":1},{""key"":""15-3"",""value"":""Kupang"",""row_span"":1,""col_span"":1}],[{""key"":""16-0"",""value"":16,""row_span"":1,""col_span"":1},{""key"":""16-1"",""value"":""Saphire Blue Sky Lounge Medan"",""row_span"":1,""col_span"":1},{""key"":""16-2"",""value"":""Bandar Udara Internasional Kualanamu, Medan"",""row_span"":1,""col_span"":1},{""key"":""16-3"",""value"":""Medan"",""row_span"":1,""col_span"":1}],[{""key"":""17-0"",""value"":17,""row_span"":1,""col_span"":1},{""key"":""17-1"",""value"":""Saphire Blue Sky Lounge Bandung"",""row_span"":1,""col_span"":1},{""key"":""17-2"",""value"":""Bandar Udara Internasioanl Husein Sastranegara, Bandung"",""row_span"":1,""col_span"":1},{""key"":""17-3"",""value"":""Bandung"",""row_span"":1,""col_span"":1}],[{""key"":""18-0"",""value"":18,""row_span"":1,""col_span"":1},{""key"":""18-1"",""value"":""Saphire Blue Sky Lounge Pangkal Pinang"",""row_span"":1,""col_span"":1},{""key"":""18-2"",""value"":""Bandar Udara Depati Amir, Pangkal Pinang"",""row_span"":1,""col_span"":1},{""key"":""18-3"",""value"":""Pangkal Pinang"",""row_span"":1,""col_span"":1}],[{""key"":""19-0"",""value"":19,""row_span"":1,""col_span"":1},{""key"":""19-1"",""value"":""Blue Sky Lounge Sepinggan"",""row_span"":1,""col_span"":1},{""key"":""19-2"",""value"":""Bandar Udara Internasioanl Sultan Aji Muhammad Sulaiman Sepinggan, Balikpapan"",""row_span"":1,""col_span"":1},{""key"":""19-3"",""value"":""Balik Papan"",""row_span"":1,""col_span"":1}],[{""key"":""20-0"",""value"":20,""row_span"":1,""col_span"":1},{""key"":""20-1"",""value"":""Blue Sky Premier Lounge Terminal 1 "",""row_span"":1,""col_span"":1},{""key"":""20-2"",""value"":""Terminal 1, Bandar Udara Internasional Soekarno-Hatta, Jakarta"",""row_span"":1,""col_span"":1},{""key"":""20-3"",""value"":""Jakarta"",""row_span"":1,""col_span"":1}],[{""key"":""21-0"",""value"":21,""row_span"":1,""col_span"":1},{""key"":""21-1"",""value"":""Blue Sky Premier Lounge Terminal 2"",""row_span"":1,""col_span"":1},{""key"":""21-2"",""value"":""Terminal 2, Bandar Udara Internasional Soekarno-Hatta, Jakarta"",""row_span"":1,""col_span"":1},{""key"":""21-3"",""value"":""Jakarta"",""row_span"":1,""col_span"":1}],[{""key"":""22-0"",""value"":22,""row_span"":1,""col_span"":1},{""key"":""22-1"",""value"":""Blue Sky Premier Lounge Terminal 3 Domestik"",""row_span"":1,""col_span"":1},{""key"":""22-2"",""value"":""Terminal 3 Domestik, Bandar Udara Internasional Soekarno-Hatta, Jakarta"",""row_span"":1,""col_span"":1},{""key"":""22-3"",""value"":""Jakarta"",""row_span"":1,""col_span"":1}],[{""key"":""23-0"",""value"":23,""row_span"":1,""col_span"":1},{""key"":""23-1"",""value"":""Blue Sky Premier Lounge Samarinda"",""row_span"":1,""col_span"":1},{""key"":""23-2"",""value"":""Bandar Udara Internasioanl Aji Pangeran Tumenggung Pranoto, Samarinda"",""row_span"":1,""col_span"":1},{""key"":""23-3"",""value"":""Samarinda"",""row_span"":1,""col_span"":1}],[{""key"":""24-0"",""value"":24,""row_span"":1,""col_span"":1},{""key"":""24-1"",""value"":""Blue Sky Premier Lounge Pekanbaru"",""row_span"":1,""col_span"":1},{""key"":""24-2"",""value"":""Bandar Udara Internasioanl Sultan Syarif Kasim II, Pekanbaru"",""row_span"":1,""col_span"":1},{""key"":""24-3"",""value"":""Pekanbaru"",""row_span"":1,""col_span"":1}],[{""key"":""25-0"",""value"":25,""row_span"":1,""col_span"":1},{""key"":""25-1"",""value"":""Blue Sky Premier Lounge Pontianak"",""row_span"":1,""col_span"":1},{""key"":""25-2"",""value"":""Bandar Udara Internasioanl Supadio, Pontianak"",""row_span"":1,""col_span"":1},{""key"":""25-3"",""value"":""Pontianak"",""row_span"":1,""col_span"":1}],[{""key"":""26-0"",""value"":26,""row_span"":1,""col_span"":1},{""key"":""26-1"",""value"":""Blue Sky Premier Lounge Palembang"",""row_span"":1,""col_span"":1},{""key"":""26-2"",""value"":""Bandar Udara Sultan Mahmud Badaruddin II, Palembang"",""row_span"":1,""col_span"":1},{""key"":""26-3"",""value"":""Palembang"",""row_span"":1,""col_span"":1}],[{""key"":""27-0"",""value"":27,""row_span"":1,""col_span"":1},{""key"":""27-1"",""value"":""Blue Sky Premier Lounge Batam"",""row_span"":1,""col_span"":1},{""key"":""27-2"",""value"":""Bandar Udara Hang Nadim, Batam"",""row_span"":1,""col_span"":1},{""key"":""27-3"",""value"":""Batam"",""row_span"":1,""col_span"":1}]]},{""name"":""Ketentuan Penggunaan"",""table_data"":[[{""key"":""0-0"",""value"":""No"",""row_span"":1,""col_span"":1},{""key"":""0-1"",""value"":""Jenis Kartu"",""row_span"":1,""col_span"":1},{""key"":""0-2"",""value"":""Ketentuan "",""row_span"":1,""col_span"":1},{""key"":""0-3"",""value"":""Kuota"",""row_span"":1,""col_span"":1}],[{""key"":""1-0"",""value"":1,""row_span"":1,""col_span"":1},{""key"":""1-1"",""value"":""Corporate Card"",""row_span"":1,""col_span"":1},{""key"":""1-2"",""value"":""Gratis 1 pax (Pemegang Kartu)"",""row_span"":1,""col_span"":1},{""key"":""1-3"",""value"":""1 Kali per Bulan"",""row_span"":1,""col_span"":1}],[{""key"":""2-0"",""value"":2,""row_span"":1,""col_span"":1},{""key"":""2-1"",""value"":""Infinite Card"",""row_span"":1,""col_span"":1},{""key"":""2-2"",""value"":""Gratis 2 pax (Pemegang Kartu & 1 orang pendamping)"",""row_span"":1,""col_span"":1},{""key"":""2-3"",""value"":""1 kali per Bulan"",""row_span"":1,""col_span"":1}],[{""key"":""3-0"",""value"":3,""row_span"":1,""col_span"":1},{""key"":""3-1"",""value"":""World Access"",""row_span"":1,""col_span"":1},{""key"":""3-2"",""value"":""Gratis 1 pax (Pemegang Kartu)"",""row_span"":1,""col_span"":1},{""key"":""3-3"",""value"":""1 kali per Bulan"",""row_span"":1,""col_span"":1}],[{""key"":""4-0"",""value"":4,""row_span"":1,""col_span"":1},{""key"":""4-1"",""value"":""Co-Branding BTN Platinum"",""row_span"":1,""col_span"":1},{""key"":""4-2"",""value"":""Gratis 1 pax (Pemegang Kartu)"",""row_span"":1,""col_span"":1},{""key"":""4-3"",""value"":""1 kali per Bulan"",""row_span"":1,""col_span"":1}],[{""key"":""5-0"",""value"":5,""row_span"":1,""col_span"":1},{""key"":""5-1"",""value"":""Co-Branding BRI Kagama"",""row_span"":1,""col_span"":1},{""key"":""5-2"",""value"":""Gratis 1 pax (Pemegang Kartu)"",""row_span"":1,""col_span"":1},{""key"":""5-3"",""value"":""1 kali per Bulan"",""row_span"":1,""col_span"":1}]]}]","Daftar airport lounge kerjasamaNoNama LoungeLokasiKota1Concordia Lounge BanjarmasinTerminal domestik, Bandar Udara Syamsudin Noor, BanjarmasinBanjarmasin2Concordia Lounge T1 SurabayaTerminal domestik, Bandar Udara Internasional Juanda T1, SurabayaSurabaya3Concordia Blue Sky Premium LoungeTerminal 2,  Bandar Udara Internasional Juanda,  SurabayaSurabaya4Concordia Blue Sky Premium Lounge ( T2 Internasional)Terminal Internasional , Bandar Udara Internasional Juanda T2, SurabayaSurabaya5Concordia Lounge SemarangBandar Udara Internasional Jendral Ahmad Yani, SemarangSemarang6Concordia Lounge BaliBandar Udara Internasional I Gusti Ngurah rai , Denpasar, BaliDenpasar7Concordia Lounge MakassarTerminal domestik, Bandar Udara Sultan Hasanuddin, MakassarMakassar8Concordia Lounge YogyakartaTerminal B Bandar Udara Internasioanl Adisucipto, YogyakartaYogyakarta9Concordia Lounge Kulon Progo ( Domestik )Terminal Keberangkatan Domestik, Bandar Udara Yogyakarta Internasional Airport, Kulon ProgoKulon progo10Concordia Lounge Kulon Progo ( Internasional )Bandar Udara Yogyakarta Internasional - Kulon ProgoKulon Progo11Concordia Lounge SoloBandar Udara Internasioanl Adi Sumarno, Solo Solo12Concordia Lounge Manado Bandar Udara Sam Ratulangi, ManadoManado13Concordia Lounge AmbonBandar Udara Internasioanl Pattimura, AmbonAmbon14Concordia Lounge Lombok Bandar Udara Internasioanl Pulau Lombok, LombokLombok15Concordia Lounge KupangBandar Udara Internasional El Tari, KupangKupang16Saphire Blue Sky Lounge MedanBandar Udara Internasional Kualanamu, MedanMedan17Saphire Blue Sky Lounge BandungBandar Udara Internasioanl Husein Sastranegara, BandungBandung18Saphire Blue Sky Lounge Pangkal PinangBandar Udara Depati Amir, Pangkal PinangPangkal Pinang19Blue Sky Lounge SepingganBandar Udara Internasioanl Sultan Aji Muhammad Sulaiman Sepinggan, BalikpapanBalik Papan20Blue Sky Premier Lounge Terminal 1 Terminal 1, Bandar Udara Internasional Soekarno-Hatta, JakartaJakarta21Blue Sky Premier Lounge Terminal 2Terminal 2, Bandar Udara Internasional Soekarno-Hatta, JakartaJakarta22Blue Sky Premier Lounge Terminal 3 DomestikTerminal 3 Domestik, Bandar Udara Internasional Soekarno-Hatta, JakartaJakarta23Blue Sky Premier Lounge SamarindaBandar Udara Internasioanl Aji Pangeran Tumenggung Pranoto, SamarindaSamarinda24Blue Sky Premier Lounge PekanbaruBandar Udara Internasioanl Sultan Syarif Kasim II, PekanbaruPekanbaru25Blue Sky Premier Lounge PontianakBandar Udara Internasioanl Supadio, PontianakPontianak26Blue Sky Premier Lounge PalembangBandar Udara Sultan Mahmud Badaruddin II, PalembangPalembang27Blue Sky Premier Lounge BatamBandar Udara Hang Nadim, BatamBatamKetentuan PenggunaanNoJenis KartuKetentuan Kuota1Corporate CardGratis 1 pax (Pemegang Kartu)1 Kali per Bulan2Infinite CardGratis 2 pax (Pemegang Kartu & 1 orang pendamping)1 kali per Bulan3World AccessGratis 1 pax (Pemegang Kartu)1 kali per Bulan4Co-Branding BTN PlatinumGratis 1 pax (Pemegang Kartu)1 kali per Bulan5Co-Branding BRI KagamaGratis 1 pax (Pemegang Kartu)1 kali per Bulan","1. Fasilitas ini dapat dinikmati pemegang kartu tanpa penukaran poin,
2. Receptionist Lounge akan melakukan transaksi Rp.1,- (nantinya akan direversal otomatis)
3. Pastikan Kartu Kredit BRI Nasabah dalam keadaan aktif dan masih berlaku.
4. Boarding pass/tiket penerbangan mungkin diperlukan untuk dilakukan pengecekan.
5. Daftar Airport Lounge dan syarat ketentuan dapat sewaktu-waktu berubah. Informasi terbaru dapat dilihat di microsite kartukredit.bri.co.id","1. Fasilitas ini dapat dinikmati pemegang kartu tanpa penukaran poin,
2. Receptionist Lounge akan melakukan transaksi Rp.1,- (nantinya akan direversal otomatis)
3. Pastikan Kartu Kredit BRI Nasabah dalam keadaan aktif dan masih berlaku.
4. Boarding pass/tiket penerbangan mungkin diperlukan untuk dilakukan pengecekan.
5. Daftar Airport Lounge dan syarat ketentuan dapat sewaktu-waktu berubah. Informasi terbaru dapat dilihat di microsite kartukredit.bri.co.id",2024-06-15 00:00:00,2025-12-31 00:00:00,PM-0000058,No Call Type,Promotion,Promotion
Food & Beverages,2024-06-16 12:07:51,Food & Beverages,Kartu Kredit,Itasuki,-,Diskon 20%,Diskon 20%,"1. Minimum transaksi Rp400.000
2. Maksimum transaksi Rp1.000.000
3. Promo tidak dapat digabungkan dengan promo lain
4. Syarat & ketentuan berlaku
5. Promo tidak berlaku tanggal 10 februari & 10, 11 April 2024
6. Berlaku untuk seluruh Kartu Kredit BRI, termasuk Co-Branding, kecuali Corporate Card","1. Minimum transaksi Rp400.000
2. Maksimum transaksi Rp1.000.000
3. Promo tidak dapat digabungkan dengan promo lain
4. Syarat & ketentuan berlaku
5. Promo tidak berlaku tanggal 10 februari & 10, 11 April 2024
6. Berlaku untuk seluruh Kartu Kredit BRI, termasuk Co-Branding, kecuali Corporate Card",2024-06-16 00:00:00,2024-07-31 00:00:00,PM-0000059,No Call Type,Promotion,Promotion
Food & Beverages,2024-06-16 12:20:39,Food & Beverages,Kartu Kredit,Gogocurry,-,Diskon Rp10.000,Diskon Rp10.000,"1. Minimal transaksi Rp50.000
2. Berlaku 1 kartu/hari/transaksi
3. Promo tidak dapat digabung dengan promo lain
4. Berlaku untuk seluruh Kartu Kredit BRI, tidak termasuk Corporate Card
5. Berlaku setiap tanggal 24 dan 25","1. Minimal transaksi Rp50.000
2. Berlaku 1 kartu/hari/transaksi
3. Promo tidak dapat digabung dengan promo lain
4. Berlaku untuk seluruh Kartu Kredit BRI, tidak termasuk Corporate Card
5. Berlaku setiap tanggal 24 dan 25",2024-06-16 00:00:00,2024-12-31 00:00:00,PM-0000060,No Call Type,Promotion,Promotion
Fashion,2024-06-16 13:26:28,Fashion,"Kartu Kredit,Kartu Debit,BRImo,QRIS",Gino Mariani,Seluruh outlet Gino Mariani,Diskon 20%,Diskon 20%,"1. Minimal transaksi Rp1.500.000
2. Berlaku untuk transaksi seluruh Kartu Debit BRI, Kartu Kredit BRI (Kecuali Corporate Card), dan QRIS BRImo
3. Berlaku hari senin-kamis
4. Tidak berlaku kelipatan
5. Berlaku di seluruh outlet GINO MARIANI  
6. Promo tidak dapat digabungkan dengan promo lain
7. Berlaku untuk 1 Kartu/Transaksi/Hari","1. Minimal transaksi Rp1.500.000
2. Berlaku untuk transaksi seluruh Kartu Debit BRI, Kartu Kredit BRI (Kecuali Corporate Card), dan QRIS BRImo
3. Berlaku hari senin-kamis
4. Tidak berlaku kelipatan
5. Berlaku di seluruh outlet GINO MARIANI  
6. Promo tidak dapat digabungkan dengan promo lain
7. Berlaku untuk 1 Kartu/Transaksi/Hari",2024-06-16 00:00:00,2024-09-18 00:00:00,PM-0000061,No Call Type,Promotion,Promotion
Food & Beverages,2024-06-14 12:01:44,Food & Beverages,"Kartu Kredit,Kartu Debit,BRImo",Grand Hyatt,Jakarta,Pay 2 Get 3,Pay 2 Get 3,"1. Le Petit Chef at C’s Steak & Seafood
2. Berlaku setiap hari untuk 3 menu Le Master Chef atau 2 menu Le Master Chef dan 1 menu Le Junior Chef atau Le Chef Végétarien
3. Berlaku untuk maksimal enam orang (termasuk dua orang gratis) per kartu/nama per hari","1. Le Petit Chef at C’s Steak & Seafood
2. Berlaku setiap hari untuk 3 menu Le Master Chef atau 2 menu Le Master Chef dan 1 menu Le Junior Chef atau Le Chef Végétarien
3. Berlaku untuk maksimal enam orang (termasuk dua orang gratis) per kartu/nama per hari",2024-06-14 00:00:00,2024-12-31 00:00:00,PM-0000062,No Call Type,Promotion,Promotion
Food & Beverages,2024-06-16 13:04:28,Food & Beverages,"Kartu Kredit,Kartu Debit,BRImo,QRIS",Menya Musashi Bukotsu,Seluruh outlet Menya Musashi Bukotsu,Diskon 20%,Diskon 20%,"1. Minimal transaksi Rp200.000
2. Maksimal diskon Rp40.000
3. Berlaku All Debit BRI & Credit Card BRI, QRIS BRImo
4. Berlaku setiap hari
5. Berlaku di seluruh outlet Menya Musashi Bukotsu","1. Minimal transaksi Rp200.000
2. Maksimal diskon Rp40.000
3. Berlaku All Debit BRI & Credit Card BRI, QRIS BRImo
4. Berlaku setiap hari
5. Berlaku di seluruh outlet Menya Musashi Bukotsu",2024-06-16 00:00:00,2024-12-31 00:00:00,PM-0000063,No Call Type,Promotion,Promotion
Fashion,2024-06-14 11:03:46,Fashion,"Kartu Kredit,Kartu Debit",Nike,Seluruh indonesia,Diskon 10%,Diskon 10%,"1. Minimal transaksi Rp2.000.000
2. Berlaku setiap hari selama periode promo berlangsung
3. Cicilan 0% tenor 3 bulan dengan minimal transaksi Rp3.000.000
4. Cicilan 0% tenor 6 bulan dengan minimal transaksi Rp4.000.000
5. Cicilan 0% tenor 12 bulan dengan minimal transaksi Rp6.000.000","1. Minimal transaksi Rp2.000.000
2. Berlaku setiap hari selama periode promo berlangsung
3. Cicilan 0% tenor 3 bulan dengan minimal transaksi Rp3.000.000
4. Cicilan 0% tenor 6 bulan dengan minimal transaksi Rp4.000.000
5. Cicilan 0% tenor 12 bulan dengan minimal transaksi Rp6.000.000",2023-10-01 00:00:00,2024-09-30 00:00:00,PM-0000064,No Call Type,Promotion,Promotion
Food & Beverages,2024-06-16 13:24:06,Food & Beverages,"Kartu Debit,BRImo,QRIS",Tous Les Jours,Seluruh outlet Tous Les Jours,Diskon 30%,Diskon 30%,"1. Minimal transaksi Rp150.000
2. Maksimal diskon Rp50.000
3. Berlaku Debit BRI dan QRIS BRImo
4. Berlaku hari jumat-minggu
5. Tidak berlaku kelipatan
6. Berlaku untuk semua menu","1. Minimal transaksi Rp150.000
2. Maksimal diskon Rp50.000
3. Berlaku Debit BRI dan QRIS BRImo
4. Berlaku hari jumat-minggu
5. Tidak berlaku kelipatan
6. Berlaku untuk semua menu",2024-06-16 00:00:00,2024-06-30 00:00:00,PM-0000065,No Call Type,Promotion,Promotion
Fashion,2024-06-14 11:25:49,Fashion,"Kartu Debit,Kartu Kredit",Timberland,Seluruh indonesia,Diskon 10%,Diskon 10%,"1. Minimal transaksi Rp1.000.000
2. Berlaku setiap hari selama periode promo berlangsung
3. Cicilan 0% tenor 3 bulan dengan minimal transaksi Rp1.000.000
4. Cicilan 0% tenor 6 bulan dengan minimal transaksi Rp2.000.000
5. Cicilan 0% tenor 12 bulan dengan minimal transaksi Rp3.000.000","1. Minimal transaksi Rp1.000.000
2. Berlaku setiap hari selama periode promo berlangsung
3. Cicilan 0% tenor 3 bulan dengan minimal transaksi Rp1.000.000
4. Cicilan 0% tenor 6 bulan dengan minimal transaksi Rp2.000.000
5. Cicilan 0% tenor 12 bulan dengan minimal transaksi Rp3.000.000",2023-10-01 00:00:00,2024-09-30 00:00:00,PM-0000066,No Call Type,Promotion,Promotion
Lifestyle & Entertainment,2024-06-16 12:25:22,Lifestyle & Entertainment,"Kartu Debit,BRImo,QRIS",Dekoruma,Seluruh indonesia,Diskon 5%,Diskon 5%,"1. Maksimal Rp350.000 dan minimal transaksi Rp3.500.000 (tidak berlaku kelipatan)
2. Program berlaku 1x/kartu/hari
3. Berlaku untuk pengguna Kartu Debit BRI, QR BRImo, EDC dan QRIS BRI","1. Maksimal Rp350.000 dan minimal transaksi Rp3.500.000 (tidak berlaku kelipatan)
2. Program berlaku 1x/kartu/hari
3. Berlaku untuk pengguna Kartu Debit BRI, QR BRImo, EDC dan QRIS BRI",2024-06-16 00:00:00,2024-12-31 00:00:00,PM-0000067,No Call Type,Promotion,Promotion
Food & Beverages,2024-06-16 12:12:33,Food & Beverages,Kartu Kredit,Gindaco,-,Diskon Rp10.000,Diskon Rp10.000,"1. Minimal transaksi Rp50.000
2. Berlaku 1 kartu/hari/transaksi
3. Promo tidak dapat digabung dengan promo lain
4. Berlaku setiap tanggal 24 dan 25
5. Berlaku untuk seluruh Kartu Kredit BRI, tidak termasuk Corporate Card","1. Minimal transaksi Rp50.000
2. Berlaku 1 kartu/hari/transaksi
3. Promo tidak dapat digabung dengan promo lain
4. Berlaku setiap tanggal 24 dan 25
5. Berlaku untuk seluruh Kartu Kredit BRI, tidak termasuk Corporate Card",2024-06-16 00:00:00,2024-12-31 00:00:00,PM-0000068,No Call Type,Promotion,Promotion
Other,2024-03-27 23:18:51,Other,QRIS,tes with image,depok,nggak afa,nggak afa,nggak ada,nggak ada,2024-03-27 00:00:00,2024-03-28 00:00:00,PM-0000069,No Call Type,Promotion,Promotion
Lifestyle & Entertainment,2024-03-27 22:37:23,Lifestyle & Entertainment,Kartu Debit BRI/Kartu Kredit BRI/BRImo,DRIVING RANGE BINTARO JAYA (Golf),DRIVING RANGE BINTARO JAYA,Gratis 50 bola,Gratis 50 bola,"1. Minimal pembelian 100 bola golf driving
2. Tidak berlaku kelipatan
3. Berlaku pada hari Senin, Rabu, dan Jumat
4. Transaksi wajib menggunakan EDC BRI
5. Berlaku untuk 1 user/kartu/hari/transaksi
6. Bola dipergunakan di hari yang sama","1. Minimal pembelian 100 bola golf driving
2. Tidak berlaku kelipatan
3. Berlaku pada hari Senin, Rabu, dan Jumat
4. Transaksi wajib menggunakan EDC BRI
5. Berlaku untuk 1 user/kartu/hari/transaksi
6. Bola dipergunakan di hari yang sama",2022-11-01 00:00:00,2024-11-30 00:00:00,PM-0000070,No Call Type,Promotion,Promotion
Food & Beverages,2024-06-16 13:40:56,Food & Beverages,"Kartu Debit,BRImo",PHD,Seluruh restoran pizza hut dan PHD nasional,Diskon 40%,Diskon 40%,"1. Berlaku di seluruh Pizza Hut Restoran dan PHD nasional
2. Minimum transaksi Rp300.000 (sebelum pajak)
3. Maksimal diskon Rp150.000/transaksi/kartu/hari	
4. Berlaku Dine In & Takeaway di store
5. Berlaku hari senin, selasa dan rabu (termasuk libur nasional)	
6. Promo tidak dapat digabung dengan promo diskon lain","1. Berlaku di seluruh Pizza Hut Restoran dan PHD nasional
2. Minimum transaksi Rp300.000 (sebelum pajak)
3. Maksimal diskon Rp150.000/transaksi/kartu/hari	
4. Berlaku Dine In & Takeaway di store
5. Berlaku hari senin, selasa dan rabu (termasuk libur nasional)	
6. Promo tidak dapat digabung dengan promo diskon lain",2024-06-16 00:00:00,2024-07-31 00:00:00,PM-0000071,No Call Type,Promotion,Promotion
Food & Beverages,2024-03-27 22:37:23,Food & Beverages,"Kartu Kredit BRI kecuali World Access, Infinite, dan Corporate Card)",Kimukatsu,Berlaku di outlet tertentu,Diskon 20% maks Rp200.000,Diskon 20% maks Rp200.000,"1. Min. transaksi Rp350.000
2. Berlaku setiap hari","1. Min. transaksi Rp350.000
2. Berlaku setiap hari",2024-01-01 00:00:00,2024-06-30 00:00:00,PM-0000072,No Call Type,Promotion,Promotion
Food & Beverages,2024-03-27 22:37:23,Food & Beverages,"1. Kartu Debit BRI Prioritas, Private & Bisnis Premium 
2. Kartu Kredit BRI World Access dan Infinite, kecuali Corporate Card",Ocean 8,"Berlaku di Ocean 8 Pluit Junction, Lippo Puri",Diskon 35% maks. Rp350.000,Diskon 35% maks. Rp350.000,"1. Min. transaksi Rp350.000
2. Berlaku setiap hari","1. Min. transaksi Rp350.000
2. Berlaku setiap hari",2024-01-01 00:00:00,2024-06-30 00:00:00,PM-0000073,No Call Type,Promotion,Promotion
Food & Beverages,2024-03-27 22:37:23,Food & Beverages,"1. Kartu Debit BRI Prioritas, Private & Bisnis Premium 
2. Kartu Kredit BRI World Access dan Infinite, kecuali Corporate Card",Yakiniku Like,Tidak berlaku di Surabaya,Diskon 35% maks. Rp350.000,Diskon 35% maks. Rp350.000,"1. Min. transaksi Rp350.000
2. Berlaku setiap hari","1. Min. transaksi Rp350.000
2. Berlaku setiap hari",2024-01-01 00:00:00,2024-06-30 00:00:00,PM-0000074,No Call Type,Promotion,Promotion
Food & Beverages,2024-06-14 10:04:47,Food & Beverages,Kartu Debit,McDonald's,Jawa Timur,Diskon 40%,Diskon 40%,"1. Minimum transaksi Rp. 40.000 dan maksimum diskon Rp. 40.000
2. Berlaku untuk pengguna Kartu Debit BRI (Mastercard dan GPN)
3. Berlaku maksimal 1x /kartu di minggu yang sama
4. Promo berlaku setiap selasa dan jumat","1. Minimum transaksi Rp. 40.000 dan maksimum diskon Rp. 40.000
2. Berlaku untuk pengguna Kartu Debit BRI (Mastercard dan GPN)
3. Berlaku maksimal 1x /kartu di minggu yang sama
4. Promo berlaku setiap selasa dan jumat",2024-06-14 00:00:00,2024-06-30 00:00:00,PM-0000075,No Call Type,Promotion,Promotion
Food & Beverages,2024-06-14 11:37:56,Food & Beverages,"Kartu Kredit,Kartu Debit,BRImo",Rejuve,-,Buy 1 Get 1,Buy 1 Get 1,"1. Berlaku setiap senin – rabu
2.1 kartu atau user/transaksi/hari","1. Berlaku setiap senin – rabu
2.1 kartu atau user/transaksi/hari",2024-06-14 00:00:00,2024-06-30 00:00:00,PM-0000076,No Call Type,Promotion,Promotion
Food & Beverages,2024-06-16 12:38:56,Food & Beverages,"Kartu Kredit,Kartu Debit,BRImo,QRIS",Massilia,Seluruh outlet massilia,Diskon 20%,Diskon 20%,"1. Minimal transaksi Rp750.000
2. Maksimal diskon Rp150.000
3. Berlaku All Debit BRI & Credit Card BRI, QRIS BRImo
4. Berlaku setiap hari
5. Berlaku di seluruh outlet Massilia","1. Minimal transaksi Rp750.000
2. Maksimal diskon Rp150.000
3. Berlaku All Debit BRI & Credit Card BRI, QRIS BRImo
4. Berlaku setiap hari
5. Berlaku di seluruh outlet Massilia",2024-06-16 00:00:00,2024-12-31 00:00:00,PM-0000077,No Call Type,Promotion,Promotion
Food & Beverages,2024-06-19 11:30:27,Food & Beverages,Kartu Kredit,Pepper Lunch,Berlaku di outlet tertentu,Diskon 20%,Diskon 20%,"1. Minimal transaksi Rp350.000
2. Maksimal diskon Rp200.000
3. Berlaku setiap hari
4. Berlaku dengan menggunakan seluruh Kartu Kredit BRI kecuali World Access, Infinite, dan Corporate Card","1. Minimal transaksi Rp350.000
2. Maksimal diskon Rp200.000
3. Berlaku setiap hari
4. Berlaku dengan menggunakan seluruh Kartu Kredit BRI kecuali World Access, Infinite, dan Corporate Card",2024-01-01 00:00:00,2024-06-30 00:00:00,PM-0000078,No Call Type,Promotion,Promotion
Food & Beverages,2024-03-27 22:37:23,Food & Beverages,"1. Kartu Debit BRI Prioritas, Private & Bisnis Premium  
2. Kartu Kredit BRI World Access dan Infinite (kecuali Corporate Card)",Kimukatsu,Berlaku di outlet tertentu,Diskon 35% maks Rp350.000,Diskon 35% maks Rp350.000,"1. Min. transaksi Rp350.000
2. Berlaku setiap hari","1. Min. transaksi Rp350.000
2. Berlaku setiap hari",2024-01-01 00:00:00,2024-06-30 00:00:00,PM-0000079,No Call Type,Promotion,Promotion
Food & Beverages,2024-03-27 22:37:23,Food & Beverages,"Kartu Kredit BRI kecuali World Access, Infinite, dan Corporate Card)",Ocean 8,"Berlaku di Ocean 8 Pluit Junction, Lippo Puri",Diskon 20% maks. Rp200.000,Diskon 20% maks. Rp200.000,"1. Min. transaksi Rp350.000
2. Berlaku setiap hari","1. Min. transaksi Rp350.000
2. Berlaku setiap hari",2024-01-01 00:00:00,2024-06-30 00:00:00,PM-0000080,No Call Type,Promotion,Promotion
Food & Beverages,2024-03-27 22:37:23,Food & Beverages,"1. Diskon 20%: Kartu Kredit BRI kecuali World Access, Infinite, dan Corporate Card)
2. Diskon 35%: Kartu Debit BRI Prioritas, Private & Bisnis Premium dan Kartu Kredit BRI World Access dan Infinite, kecuali Corporate Card",Paradise Dynasty,"Berlaku di Paradise Dynasty Plaza Senayan, Central Park, Baywalk Mall, Soekarno Hatta, PIK, Ciputra World","1. Diskon 20% maks. Rp200.000
2. Diskon 35% maks. Rp350.000","1. Diskon 20% maks. Rp200.000
2. Diskon 35% maks. Rp350.000","1. Min. transaksi Rp350.000
2. Berlaku setiap hari","1. Min. transaksi Rp350.000
2. Berlaku setiap hari",2024-01-01 00:00:00,2024-06-30 00:00:00,PM-0000081,No Call Type,Promotion,Promotion
Travel & Hotel,2024-03-27 22:37:23,Travel & Hotel,Kartu Kredit JCB,ANA Airlines,Berlaku untuk rute penerbangan Indonesia - Jepang (PP),"Diskon 8% untuk pembelian tiket kelas ekonomi dan kelas premium

Diskon 10% untuk pembelian tiket bisnis","Diskon 8% untuk pembelian tiket kelas ekonomi dan kelas premium

Diskon 10% untuk pembelian tiket bisnis","Travel Agent : Dwidaya Tour, Golden Rama Tour & Panorama JTB
Periode pemesanan : 01 Desember 2023 - 29 Februari 2024
Periode penerbangan : 01 Desember 2023 - 30 April 2024","Travel Agent : Dwidaya Tour, Golden Rama Tour & Panorama JTB
Periode pemesanan : 01 Desember 2023 - 29 Februari 2024
Periode penerbangan : 01 Desember 2023 - 30 April 2024",2023-12-01 00:00:00,2024-12-31 00:00:00,PM-0000082,No Call Type,Promotion,Promotion
Travel & Hotel,2024-03-27 22:37:23,Travel & Hotel,Kartu Kredit BRI yang berlogo Visa,Agoda,seluruh destinasi,Diskon 8%,Diskon 8%,"- Berlaku untuk pemesanan melalui website agoda.com/visaid
- Berlaku untuk seluruh destinasi
- Berlaku untuk hotel yang berpartisipasi dengan label “Promotion Eligible” / “Promosi” pada halaman hasil pencarian di website
- Berlaku untuk biaya kamar akomodasi (tidak termasuk pajak daerah, biaya layanan, biaya tambahan, konsumsi pribadi dan sejenisnya)
- Berlaku untuk seluruh Kartu Kredit BRI yang berlogo Visa
- Periode pemesanan hingga 31 Desember 2025
- Periode inap hingga 31 Desember 2026","- Berlaku untuk pemesanan melalui website agoda.com/visaid
- Berlaku untuk seluruh destinasi
- Berlaku untuk hotel yang berpartisipasi dengan label “Promotion Eligible” / “Promosi” pada halaman hasil pencarian di website
- Berlaku untuk biaya kamar akomodasi (tidak termasuk pajak daerah, biaya layanan, biaya tambahan, konsumsi pribadi dan sejenisnya)
- Berlaku untuk seluruh Kartu Kredit BRI yang berlogo Visa
- Periode pemesanan hingga 31 Desember 2025
- Periode inap hingga 31 Desember 2026",2023-12-01 00:00:00,2025-12-31 00:00:00,PM-0000083,No Call Type,Promotion,Promotion
Food & Beverages,2024-06-16 13:01:29,Food & Beverages,"Kartu Kredit,Kartu Debit,BRImo,QRIS",Gyu Shige,Seluruh outlet Gyu Shige,Diskon 20%,Diskon 20%,"1. Minimal transaksi Rp750.000
2. Maksimal diskon Rp150.000
3. Berlaku All Debit BRI & Credit Card BRI, QRIS BRImo
4. Berlaku setiap hari","1. Minimal transaksi Rp750.000
2. Maksimal diskon Rp150.000
3. Berlaku All Debit BRI & Credit Card BRI, QRIS BRImo
4. Berlaku setiap hari",2024-06-16 00:00:00,2024-12-31 00:00:00,PM-0000084,No Call Type,Promotion,Promotion
Food & Beverages,2024-06-16 13:11:32,Food & Beverages,"Kartu Kredit,Kartu Debit",Greyhound Cafe,Seluruh outlet Greyhound,Diskon 20%,Diskon 20%,"1. Minimal transaksi Rp750.000
2. Maksimal diskon Rp150.000
3. Berlaku Kartu Debit Britama Bisnis, Kartu Debit Prioritas, Kartu Debit Private dan Kartu Kredit Platinum, JCB Platinum, World Access, Infinite
4. Berlaku hari kamis-minggu
5. Berlaku di seluruh outlet Greyhound Café","1. Minimal transaksi Rp750.000
2. Maksimal diskon Rp150.000
3. Berlaku Kartu Debit Britama Bisnis, Kartu Debit Prioritas, Kartu Debit Private dan Kartu Kredit Platinum, JCB Platinum, World Access, Infinite
4. Berlaku hari kamis-minggu
5. Berlaku di seluruh outlet Greyhound Café",2024-06-16 00:00:00,2024-12-31 00:00:00,PM-0000085,No Call Type,Promotion,Promotion
Food & Beverages,2024-03-27 22:37:23,Food & Beverages,"1. Kartu Debit BRI Prioritas dan Debit BRI Private
2. Kartu Kredit BRI Platinum (Mastercard & JCB),  World Access dan Infinite",Paul Depuis 1889 (Dessert On Us),Berlaku di seluruh outlet Paul Classic (Kecuali BEJ dan GI),"Beli 1 Main Course, gratis 1 selected Pastry/Slice Cake","Beli 1 Main Course, gratis 1 selected Pastry/Slice Cake",Berlaku Setiap Tanggal 25-30/31 setiap bulannya,Berlaku Setiap Tanggal 25-30/31 setiap bulannya,,2024-09-30 00:00:00,PM-0000086,No Call Type,Promotion,Promotion
Food & Beverages,2024-03-27 22:37:23,Food & Beverages,"Kartu Kredit BRI kecuali World Access, Infinite, dan Corporate Card)",LeTeN,Seluruh Indonesia,Diskon 20% maks. Rp200.000,Diskon 20% maks. Rp200.000,"1. Min. transaksi Rp350.000
2. Berlaku setiap hari","1. Min. transaksi Rp350.000
2. Berlaku setiap hari",2024-01-01 00:00:00,2024-06-30 00:00:00,PM-0000087,No Call Type,Promotion,Promotion
Food & Beverages,2024-06-14 14:54:25,Food & Beverages,"Kartu Kredit,Kartu Debit,BRImo",Grand Hyatt,Jakarta,Diskon Rp250.000,Diskon Rp250.000,"1. Fountain Lounge, C’s Steak and Seafood, and La Moda
2. Berlaku di Fountain Lounge, C’s Steak and Seafood, dan di La Moda 
3. Minimum transaksi Rp1.500.000 sebelum pajak dan biaya servis 
4. Berlaku setiap hari jumat s.d minggu
5. Berlaku dengan jumlah maksimal satu transaksi per kartu/nama/hari di Grand Hyatt Jakarta
6. Berlaku untuk Afternoon Tea di Fountain Lounge dan Sunday Brunch di C’s Steak and Seafood
7. Tidak berlaku untuk promosi Guest Chef, program Le Petit Chef, menu special Natal dan Tahun Baru di C’s Steak and Seafood dan di Fountain Lounge","1. Fountain Lounge, C’s Steak and Seafood, and La Moda
2. Berlaku di Fountain Lounge, C’s Steak and Seafood, dan di La Moda 
3. Minimum transaksi Rp1.500.000 sebelum pajak dan biaya servis 
4. Berlaku setiap hari jumat s.d minggu
5. Berlaku dengan jumlah maksimal satu transaksi per kartu/nama/hari di Grand Hyatt Jakarta
6. Berlaku untuk Afternoon Tea di Fountain Lounge dan Sunday Brunch di C’s Steak and Seafood
7. Tidak berlaku untuk promosi Guest Chef, program Le Petit Chef, menu special Natal dan Tahun Baru di C’s Steak and Seafood dan di Fountain Lounge",2024-06-14 00:00:00,2024-12-31 00:00:00,PM-0000088,No Call Type,Promotion,Promotion
Food & Beverages,2024-06-14 15:13:59,Food & Beverages,"Kartu Kredit,Kartu Debit",Wolfgang,Outlet Wolfgang SCBD,Get Special Dessert,Get Special Dessert,"1. Get Special Dessert
2. Tanpa minimum transaksi","1. Get Special Dessert
2. Tanpa minimum transaksi",2024-06-14 00:00:00,2024-12-31 00:00:00,PM-0000089,No Call Type,Promotion,Promotion
Food & Beverages,2024-06-16 12:36:30,Food & Beverages,"Kartu Kredit,Kartu Debit",Kintan Buffet,Seluruh indonesia,Diskon 20%,Diskon 20%,"1. Minimal transaksi Rp750.000 
2. Maksimal diskon Rp200.000
3. Berlaku untuk Kartu Debit BRI (Prioritas & Private) dan Kartu Kredit BRI World Access & Infinite
4. Berlaku setiap hari senin-jumat
5. Tidak berlaku kelipatan
6. 1 kartu/hari/transaksi","1. Minimal transaksi Rp750.000 
2. Maksimal diskon Rp200.000
3. Berlaku untuk Kartu Debit BRI (Prioritas & Private) dan Kartu Kredit BRI World Access & Infinite
4. Berlaku setiap hari senin-jumat
5. Tidak berlaku kelipatan
6. 1 kartu/hari/transaksi",2024-06-16 00:00:00,2024-06-30 00:00:00,PM-0000090,No Call Type,Promotion,Promotion
