Status,Type,Case Reason,Subject,Description,Legacy_Ticket_ID
Working,Electronic,Performance,Subject 1,Description of issue 1,000001
Escalated,Electrical,Breakdown,Subject 2,Description of issue 2,000002
Escalated,Mechanical,Breakdown,Subject 3,Description of issue 3,000003
Escalated,Electronic,Performance,Subject 4,Description of issue 4,000004
Escalated,Electrical,Breakdown,Subject 5,Description of issue 5,000005
Working,Electronic,Breakdown,Subject 6,Description of issue 6,000006
Escalated,Mechanical,Breakdown,Subject 7,Description of issue 7,000007
Escalated,Electrical,Breakdown,Subject 8,Description of issue 8,000008
New,Electronic,Performance,Subject 9,Description of issue 9,000009
Escalated,Mechanical,Performance,Subject 10,Description of issue 10,000010
Working,Electronic,Breakdown,Subject 11,Description of issue 11,000011
Escalated,Electrical,Performance,Subject 12,Description of issue 12,000012
Escalated,Mechanical,Performance,Subject 13,Description of issue 13,000013
Working,Electronic,Breakdown,Subject 14,Description of issue 14,000014
New,Electrical,Performance,Subject 15,Description of issue 15,000015
New,Mechanical,Breakdown,Subject 16,Description of issue 16,000016
Working,Mechanical,Breakdown,Subject 17,Description of issue 17,000017
Escalated,Electrical,Breakdown,Subject 18,Description of issue 18,000018
Working,Electrical,Performance,Subject 19,Description of issue 19,000019
Working,Electrical,Breakdown,Subject 20,Description of issue 20,000020
Working,Electronic,Performance,Subject 21,Description of issue 21,000021
New,Electrical,Breakdown,Subject 22,Description of issue 22,000022
New,Electrical,Performance,Subject 23,Description of issue 23,000023
Escalated,Electronic,Performance,Subject 24,Description of issue 24,000024
Escalated,Mechanical,Breakdown,Subject 25,Description of issue 25,000025
Working,Mechanical,Breakdown,Subject 26,Description of issue 26,000026
New,Electrical,Performance,Subject 27,Description of issue 27,000027
Escalated,Electrical,Performance,Subject 28,Description of issue 28,000028
Escalated,Electronic,Performance,Subject 29,Description of issue 29,000029
Escalated,Mechanical,Breakdown,Subject 30,Description of issue 30,000030
Escalated,Electrical,Breakdown,Subject 31,Description of issue 31,000031
Escalated,Mechanical,Breakdown,Subject 32,Description of issue 32,000032
Working,Electronic,Breakdown,Subject 33,Description of issue 33,000033
Escalated,Mechanical,Breakdown,Subject 34,Description of issue 34,000034
Working,Electrical,Breakdown,Subject 35,Description of issue 35,000035
Escalated,Electronic,Performance,Subject 36,Description of issue 36,000036
New,Electronic,Breakdown,Subject 37,Description of issue 37,000037
New,Electrical,Breakdown,Subject 38,Description of issue 38,000038
New,Mechanical,Breakdown,Subject 39,Description of issue 39,000039
New,Electronic,Breakdown,Subject 40,Description of issue 40,000040
Working,Mechanical,Breakdown,Subject 41,Description of issue 41,000041
New,Electronic,Performance,Subject 42,Description of issue 42,000042
Escalated,Electrical,Breakdown,Subject 43,Description of issue 43,000043
New,Mechanical,Breakdown,Subject 44,Description of issue 44,000044
New,Electronic,Breakdown,Subject 45,Description of issue 45,000045
Working,Electrical,Performance,Subject 46,Description of issue 46,000046
Working,Electronic,Performance,Subject 47,Description of issue 47,000047
Escalated,Electrical,Performance,Subject 48,Description of issue 48,000048
Working,Electronic,Performance,Subject 49,Description of issue 49,000049
Escalated,Electrical,Performance,Subject 50,Description of issue 50,000050
Working,Mechanical,Breakdown,Subject 51,Description of issue 51,000051
Escalated,Mechanical,Performance,Subject 52,Description of issue 52,000052
Working,Mechanical,Breakdown,Subject 53,Description of issue 53,000053
Working,Mechanical,Breakdown,Subject 54,Description of issue 54,000054
New,Mechanical,Breakdown,Subject 55,Description of issue 55,000055
New,Electrical,Breakdown,Subject 56,Description of issue 56,000056
New,Electrical,Breakdown,Subject 57,Description of issue 57,000057
New,Electrical,Performance,Subject 58,Description of issue 58,000058
New,Electronic,Breakdown,Subject 59,Description of issue 59,000059
New,Mechanical,Breakdown,Subject 60,Description of issue 60,000060
Escalated,Electrical,Performance,Subject 61,Description of issue 61,000061
Escalated,Electronic,Performance,Subject 62,Description of issue 62,000062
Working,Electrical,Performance,Subject 63,Description of issue 63,000063
Working,Electronic,Breakdown,Subject 64,Description of issue 64,000064
Escalated,Mechanical,Breakdown,Subject 65,Description of issue 65,000065
New,Mechanical,Breakdown,Subject 66,Description of issue 66,000066
New,Electronic,Breakdown,Subject 67,Description of issue 67,000067
Working,Electrical,Performance,Subject 68,Description of issue 68,000068
New,Electronic,Performance,Subject 69,Description of issue 69,000069
Working,Electronic,Performance,Subject 70,Description of issue 70,000070
Working,Mechanical,Performance,Subject 71,Description of issue 71,000071
New,Electronic,Breakdown,Subject 72,Description of issue 72,000072
Working,Electronic,Breakdown,Subject 73,Description of issue 73,000073
Escalated,Mechanical,Breakdown,Subject 74,Description of issue 74,000074
Escalated,Mechanical,Performance,Subject 75,Description of issue 75,000075
Working,Mechanical,Breakdown,Subject 76,Description of issue 76,000076
Working,Electronic,Breakdown,Subject 77,Description of issue 77,000077
Escalated,Electronic,Breakdown,Subject 78,Description of issue 78,000078
Working,Electronic,Breakdown,Subject 79,Description of issue 79,000079
Working,Mechanical,Performance,Subject 80,Description of issue 80,000080
Working,Electrical,Breakdown,Subject 81,Description of issue 81,000081
New,Mechanical,Breakdown,Subject 82,Description of issue 82,000082
Escalated,Electronic,Breakdown,Subject 83,Description of issue 83,000083
Working,Electronic,Breakdown,Subject 84,Description of issue 84,000084
New,Electrical,Breakdown,Subject 85,Description of issue 85,000085
New,Electronic,Breakdown,Subject 86,Description of issue 86,000086
Working,Electronic,Performance,Subject 87,Description of issue 87,000087
Escalated,Electronic,Breakdown,Subject 88,Description of issue 88,000088
Working,Electronic,Breakdown,Subject 89,Description of issue 89,000089
Working,Mechanical,Breakdown,Subject 90,Description of issue 90,000090
Escalated,Electrical,Breakdown,Subject 91,Description of issue 91,000091
Working,Electronic,Performance,Subject 92,Description of issue 92,000092
New,Electronic,Breakdown,Subject 93,Description of issue 93,000093
Working,Mechanical,Breakdown,Subject 94,Description of issue 94,000094
Escalated,Electronic,Performance,Subject 95,Description of issue 95,000095
New,Mechanical,Performance,Subject 96,Description of issue 96,000096
Working,Mechanical,Performance,Subject 97,Description of issue 97,000097
Escalated,Electrical,Performance,Subject 98,Description of issue 98,000098
Working,Electronic,Performance,Subject 99,Description of issue 99,000099
Escalated,Electrical,Performance,Subject 100,Description of issue 100,000100
Working,Electrical,Performance,Subject 101,Description of issue 101,000101
New,Mechanical,Performance,Subject 102,Description of issue 102,000102
Escalated,Mechanical,Breakdown,Subject 103,Description of issue 103,000103
Working,Electronic,Breakdown,Subject 104,Description of issue 104,000104
New,Electrical,Breakdown,Subject 105,Description of issue 105,000105
New,Electronic,Breakdown,Subject 106,Description of issue 106,000106
Working,Mechanical,Breakdown,Subject 107,Description of issue 107,000107
New,Electrical,Performance,Subject 108,Description of issue 108,000108
Working,Electronic,Breakdown,Subject 109,Description of issue 109,000109
Escalated,Mechanical,Performance,Subject 110,Description of issue 110,000110
Working,Electrical,Breakdown,Subject 111,Description of issue 111,000111
Escalated,Mechanical,Breakdown,Subject 112,Description of issue 112,000112
Escalated,Electrical,Breakdown,Subject 113,Description of issue 113,000113
New,Electrical,Breakdown,Subject 114,Description of issue 114,000114
Escalated,Electronic,Performance,Subject 115,Description of issue 115,000115
Escalated,Electrical,Breakdown,Subject 116,Description of issue 116,000116
New,Electrical,Breakdown,Subject 117,Description of issue 117,000117
Working,Electronic,Breakdown,Subject 118,Description of issue 118,000118
Escalated,Electrical,Performance,Subject 119,Description of issue 119,000119
Escalated,Mechanical,Breakdown,Subject 120,Description of issue 120,000120
Working,Electronic,Performance,Subject 121,Description of issue 121,000121
Working,Mechanical,Breakdown,Subject 122,Description of issue 122,000122
Working,Mechanical,Breakdown,Subject 123,Description of issue 123,000123
Working,Electrical,Performance,Subject 124,Description of issue 124,000124
New,Electrical,Performance,Subject 125,Description of issue 125,000125
Escalated,Electrical,Performance,Subject 126,Description of issue 126,000126
Working,Electronic,Performance,Subject 127,Description of issue 127,000127
Escalated,Electrical,Breakdown,Subject 128,Description of issue 128,000128
Working,Electrical,Performance,Subject 129,Description of issue 129,000129
Working,Electronic,Breakdown,Subject 130,Description of issue 130,000130
Escalated,Electronic,Performance,Subject 131,Description of issue 131,000131
Escalated,Electrical,Performance,Subject 132,Description of issue 132,000132
Working,Mechanical,Breakdown,Subject 133,Description of issue 133,000133
New,Electronic,Breakdown,Subject 134,Description of issue 134,000134
Working,Electronic,Performance,Subject 135,Description of issue 135,000135
Working,Electronic,Breakdown,Subject 136,Description of issue 136,000136
Working,Mechanical,Breakdown,Subject 137,Description of issue 137,000137
Escalated,Electronic,Performance,Subject 138,Description of issue 138,000138
Working,Mechanical,Breakdown,Subject 139,Description of issue 139,000139
Working,Electronic,Breakdown,Subject 140,Description of issue 140,000140
New,Electronic,Breakdown,Subject 141,Description of issue 141,000141
Escalated,Mechanical,Breakdown,Subject 142,Description of issue 142,000142
Working,Mechanical,Performance,Subject 143,Description of issue 143,000143
Escalated,Electronic,Performance,Subject 144,Description of issue 144,000144
Escalated,Mechanical,Performance,Subject 145,Description of issue 145,000145
New,Mechanical,Performance,Subject 146,Description of issue 146,000146
Working,Electronic,Performance,Subject 147,Description of issue 147,000147
Escalated,Electrical,Breakdown,Subject 148,Description of issue 148,000148
Working,Electronic,Breakdown,Subject 149,Description of issue 149,000149
Working,Electronic,Performance,Subject 150,Description of issue 150,000150
Working,Electrical,Breakdown,Subject 151,Description of issue 151,000151
Escalated,Electronic,Breakdown,Subject 152,Description of issue 152,000152
Escalated,Mechanical,Performance,Subject 153,Description of issue 153,000153
Escalated,Electronic,Breakdown,Subject 154,Description of issue 154,000154
Escalated,Mechanical,Breakdown,Subject 155,Description of issue 155,000155
Escalated,Mechanical,Performance,Subject 156,Description of issue 156,000156
Working,Mechanical,Performance,Subject 157,Description of issue 157,000157
New,Mechanical,Performance,Subject 158,Description of issue 158,000158
Working,Mechanical,Breakdown,Subject 159,Description of issue 159,000159
Escalated,Electrical,Breakdown,Subject 160,Description of issue 160,000160
New,Mechanical,Breakdown,Subject 161,Description of issue 161,000161
Working,Mechanical,Performance,Subject 162,Description of issue 162,000162
New,Electrical,Performance,Subject 163,Description of issue 163,000163
Escalated,Mechanical,Breakdown,Subject 164,Description of issue 164,000164
Escalated,Mechanical,Breakdown,Subject 165,Description of issue 165,000165
Escalated,Mechanical,Performance,Subject 166,Description of issue 166,000166
Working,Electronic,Breakdown,Subject 167,Description of issue 167,000167
Escalated,Electronic,Breakdown,Subject 168,Description of issue 168,000168
New,Electronic,Performance,Subject 169,Description of issue 169,000169
Working,Electrical,Breakdown,Subject 170,Description of issue 170,000170
Escalated,Mechanical,Performance,Subject 171,Description of issue 171,000171
Working,Electrical,Breakdown,Subject 172,Description of issue 172,000172
New,Mechanical,Breakdown,Subject 173,Description of issue 173,000173
Escalated,Electrical,Performance,Subject 174,Description of issue 174,000174
Working,Electronic,Breakdown,Subject 175,Description of issue 175,000175
Working,Electronic,Breakdown,Subject 176,Description of issue 176,000176
New,Electronic,Breakdown,Subject 177,Description of issue 177,000177
New,Mechanical,Performance,Subject 178,Description of issue 178,000178
Escalated,Electronic,Breakdown,Subject 179,Description of issue 179,000179
New,Mechanical,Breakdown,Subject 180,Description of issue 180,000180
Working,Mechanical,Breakdown,Subject 181,Description of issue 181,000181
Escalated,Mechanical,Performance,Subject 182,Description of issue 182,000182
Escalated,Mechanical,Performance,Subject 183,Description of issue 183,000183
Escalated,Electrical,Breakdown,Subject 184,Description of issue 184,000184
New,Electronic,Performance,Subject 185,Description of issue 185,000185
Escalated,Electrical,Performance,Subject 186,Description of issue 186,000186
New,Electrical,Performance,Subject 187,Description of issue 187,000187
Working,Electrical,Breakdown,Subject 188,Description of issue 188,000188
Escalated,Electrical,Breakdown,Subject 189,Description of issue 189,000189
New,Mechanical,Performance,Subject 190,Description of issue 190,000190
Escalated,Electronic,Performance,Subject 191,Description of issue 191,000191
Working,Electrical,Performance,Subject 192,Description of issue 192,000192
Working,Mechanical,Performance,Subject 193,Description of issue 193,000193
Escalated,Mechanical,Breakdown,Subject 194,Description of issue 194,000194
New,Electrical,Breakdown,Subject 195,Description of issue 195,000195
Working,Mechanical,Breakdown,Subject 196,Description of issue 196,000196
Escalated,Electronic,Performance,Subject 197,Description of issue 197,000197
New,Electrical,Breakdown,Subject 198,Description of issue 198,000198
New,Electronic,Breakdown,Subject 199,Description of issue 199,000199
New,Mechanical,Performance,Subject 200,Description of issue 200,000200
Working,Electronic,Breakdown,Subject 201,Description of issue 201,000201
Working,Electrical,Performance,Subject 202,Description of issue 202,000202
Escalated,Mechanical,Performance,Subject 203,Description of issue 203,000203
New,Mechanical,Performance,Subject 204,Description of issue 204,000204
New,Electronic,Breakdown,Subject 205,Description of issue 205,000205
Escalated,Mechanical,Breakdown,Subject 206,Description of issue 206,000206
Escalated,Electrical,Performance,Subject 207,Description of issue 207,000207
New,Electronic,Breakdown,Subject 208,Description of issue 208,000208
Escalated,Electronic,Breakdown,Subject 209,Description of issue 209,000209
New,Electronic,Performance,Subject 210,Description of issue 210,000210
New,Electrical,Breakdown,Subject 211,Description of issue 211,000211
Working,Electronic,Performance,Subject 212,Description of issue 212,000212
Working,Electronic,Breakdown,Subject 213,Description of issue 213,000213
Working,Electronic,Breakdown,Subject 214,Description of issue 214,000214
Escalated,Electrical,Performance,Subject 215,Description of issue 215,000215
New,Electrical,Breakdown,Subject 216,Description of issue 216,000216
New,Electrical,Breakdown,Subject 217,Description of issue 217,000217
New,Electrical,Performance,Subject 218,Description of issue 218,000218
Working,Electronic,Breakdown,Subject 219,Description of issue 219,000219
Working,Electrical,Performance,Subject 220,Description of issue 220,000220
New,Electronic,Breakdown,Subject 221,Description of issue 221,000221
New,Electrical,Breakdown,Subject 222,Description of issue 222,000222
Working,Electrical,Breakdown,Subject 223,Description of issue 223,000223
New,Mechanical,Breakdown,Subject 224,Description of issue 224,000224
Escalated,Electronic,Breakdown,Subject 225,Description of issue 225,000225
Working,Mechanical,Performance,Subject 226,Description of issue 226,000226
New,Mechanical,Performance,Subject 227,Description of issue 227,000227
Working,Electrical,Performance,Subject 228,Description of issue 228,000228
Escalated,Mechanical,Performance,Subject 229,Description of issue 229,000229
Escalated,Electrical,Breakdown,Subject 230,Description of issue 230,000230
New,Mechanical,Performance,Subject 231,Description of issue 231,000231
New,Mechanical,Breakdown,Subject 232,Description of issue 232,000232
Working,Mechanical,Performance,Subject 233,Description of issue 233,000233
New,Mechanical,Breakdown,Subject 234,Description of issue 234,000234
New,Electronic,Breakdown,Subject 235,Description of issue 235,000235
Working,Electronic,Performance,Subject 236,Description of issue 236,000236
Working,Electronic,Breakdown,Subject 237,Description of issue 237,000237
New,Electronic,Performance,Subject 238,Description of issue 238,000238
Escalated,Electrical,Performance,Subject 239,Description of issue 239,000239
New,Electronic,Breakdown,Subject 240,Description of issue 240,000240
Escalated,Electrical,Breakdown,Subject 241,Description of issue 241,000241
Escalated,Electronic,Performance,Subject 242,Description of issue 242,000242
New,Mechanical,Breakdown,Subject 243,Description of issue 243,000243
Escalated,Electrical,Performance,Subject 244,Description of issue 244,000244
Working,Electronic,Performance,Subject 245,Description of issue 245,000245
New,Electrical,Breakdown,Subject 246,Description of issue 246,000246
Escalated,Electrical,Breakdown,Subject 247,Description of issue 247,000247
Escalated,Electronic,Performance,Subject 248,Description of issue 248,000248
Escalated,Mechanical,Performance,Subject 249,Description of issue 249,000249
Escalated,Electrical,Performance,Subject 250,Description of issue 250,000250
New,Electrical,Breakdown,Subject 251,Description of issue 251,000251
Escalated,Electronic,Breakdown,Subject 252,Description of issue 252,000252
New,Electrical,Breakdown,Subject 253,Description of issue 253,000253
New,Electronic,Breakdown,Subject 254,Description of issue 254,000254
Escalated,Mechanical,Performance,Subject 255,Description of issue 255,000255
New,Mechanical,Performance,Subject 256,Description of issue 256,000256
New,Electrical,Breakdown,Subject 257,Description of issue 257,000257
Working,Mechanical,Breakdown,Subject 258,Description of issue 258,000258
Escalated,Electronic,Performance,Subject 259,Description of issue 259,000259
Escalated,Mechanical,Performance,Subject 260,Description of issue 260,000260
Working,Electronic,Breakdown,Subject 261,Description of issue 261,000261
Escalated,Mechanical,Performance,Subject 262,Description of issue 262,000262
Working,Mechanical,Performance,Subject 263,Description of issue 263,000263
Escalated,Electronic,Performance,Subject 264,Description of issue 264,000264
Working,Electronic,Breakdown,Subject 265,Description of issue 265,000265
Working,Electronic,Breakdown,Subject 266,Description of issue 266,000266
New,Electronic,Performance,Subject 267,Description of issue 267,000267
New,Mechanical,Breakdown,Subject 268,Description of issue 268,000268
Escalated,Electrical,Breakdown,Subject 269,Description of issue 269,000269
New,Mechanical,Performance,Subject 270,Description of issue 270,000270
New,Electronic,Performance,Subject 271,Description of issue 271,000271
Escalated,Electronic,Performance,Subject 272,Description of issue 272,000272
New,Mechanical,Breakdown,Subject 273,Description of issue 273,000273
New,Electrical,Breakdown,Subject 274,Description of issue 274,000274
New,Electronic,Performance,Subject 275,Description of issue 275,000275
New,Mechanical,Breakdown,Subject 276,Description of issue 276,000276
New,Electronic,Performance,Subject 277,Description of issue 277,000277
New,Electrical,Breakdown,Subject 278,Description of issue 278,000278
Escalated,Electrical,Performance,Subject 279,Description of issue 279,000279
New,Electronic,Performance,Subject 280,Description of issue 280,000280
New,Electrical,Performance,Subject 281,Description of issue 281,000281
New,Mechanical,Performance,Subject 282,Description of issue 282,000282
Working,Electronic,Breakdown,Subject 283,Description of issue 283,000283
New,Mechanical,Breakdown,Subject 284,Description of issue 284,000284
New,Electronic,Breakdown,Subject 285,Description of issue 285,000285
New,Mechanical,Performance,Subject 286,Description of issue 286,000286
Working,Mechanical,Performance,Subject 287,Description of issue 287,000287
Working,Electronic,Breakdown,Subject 288,Description of issue 288,000288
New,Electronic,Performance,Subject 289,Description of issue 289,000289
Working,Mechanical,Breakdown,Subject 290,Description of issue 290,000290
Working,Mechanical,Breakdown,Subject 291,Description of issue 291,000291
Escalated,Mechanical,Breakdown,Subject 292,Description of issue 292,000292
Working,Electrical,Breakdown,Subject 293,Description of issue 293,000293
Working,Electrical,Performance,Subject 294,Description of issue 294,000294
New,Electronic,Breakdown,Subject 295,Description of issue 295,000295
New,Electronic,Performance,Subject 296,Description of issue 296,000296
New,Mechanical,Breakdown,Subject 297,Description of issue 297,000297
Escalated,Electronic,Breakdown,Subject 298,Description of issue 298,000298
New,Electrical,Performance,Subject 299,Description of issue 299,000299
Working,Mechanical,Breakdown,Subject 300,Description of issue 300,000300
Escalated,Electronic,Breakdown,Subject 301,Description of issue 301,000301
New,Electronic,Breakdown,Subject 302,Description of issue 302,000302
New,Electronic,Breakdown,Subject 303,Description of issue 303,000303
Working,Electronic,Performance,Subject 304,Description of issue 304,000304
New,Mechanical,Breakdown,Subject 305,Description of issue 305,000305
New,Electronic,Performance,Subject 306,Description of issue 306,000306
New,Electronic,Breakdown,Subject 307,Description of issue 307,000307
Working,Electronic,Breakdown,Subject 308,Description of issue 308,000308
New,Mechanical,Breakdown,Subject 309,Description of issue 309,000309
Working,Electrical,Performance,Subject 310,Description of issue 310,000310
Escalated,Electronic,Performance,Subject 311,Description of issue 311,000311
New,Electrical,Performance,Subject 312,Description of issue 312,000312
New,Mechanical,Breakdown,Subject 313,Description of issue 313,000313
New,Mechanical,Performance,Subject 314,Description of issue 314,000314
New,Mechanical,Breakdown,Subject 315,Description of issue 315,000315
New,Electronic,Performance,Subject 316,Description of issue 316,000316
New,Electronic,Performance,Subject 317,Description of issue 317,000317
New,Electrical,Performance,Subject 318,Description of issue 318,000318
Escalated,Electrical,Breakdown,Subject 319,Description of issue 319,000319
New,Electronic,Breakdown,Subject 320,Description of issue 320,000320
Working,Electronic,Breakdown,Subject 321,Description of issue 321,000321
Escalated,Electrical,Breakdown,Subject 322,Description of issue 322,000322
Escalated,Electronic,Performance,Subject 323,Description of issue 323,000323
Escalated,Electrical,Breakdown,Subject 324,Description of issue 324,000324
New,Electrical,Performance,Subject 325,Description of issue 325,000325
New,Electrical,Performance,Subject 326,Description of issue 326,000326
New,Electronic,Performance,Subject 327,Description of issue 327,000327
Working,Electrical,Breakdown,Subject 328,Description of issue 328,000328
Escalated,Mechanical,Breakdown,Subject 329,Description of issue 329,000329
Escalated,Electrical,Performance,Subject 330,Description of issue 330,000330
Escalated,Electrical,Performance,Subject 331,Description of issue 331,000331
Working,Electrical,Breakdown,Subject 332,Description of issue 332,000332
Escalated,Mechanical,Breakdown,Subject 333,Description of issue 333,000333
New,Electrical,Breakdown,Subject 334,Description of issue 334,000334
New,Mechanical,Breakdown,Subject 335,Description of issue 335,000335
Working,Electronic,Breakdown,Subject 336,Description of issue 336,000336
New,Electrical,Breakdown,Subject 337,Description of issue 337,000337
New,Electrical,Breakdown,Subject 338,Description of issue 338,000338
Working,Electronic,Breakdown,Subject 339,Description of issue 339,000339
New,Electronic,Performance,Subject 340,Description of issue 340,000340
New,Electronic,Performance,Subject 341,Description of issue 341,000341
Escalated,Mechanical,Performance,Subject 342,Description of issue 342,000342
Escalated,Mechanical,Performance,Subject 343,Description of issue 343,000343
Escalated,Mechanical,Breakdown,Subject 344,Description of issue 344,000344
Working,Electronic,Performance,Subject 345,Description of issue 345,000345
Working,Mechanical,Performance,Subject 346,Description of issue 346,000346
Escalated,Electrical,Breakdown,Subject 347,Description of issue 347,000347
New,Mechanical,Performance,Subject 348,Description of issue 348,000348
Escalated,Electronic,Breakdown,Subject 349,Description of issue 349,000349
New,Mechanical,Performance,Subject 350,Description of issue 350,000350
Escalated,Electronic,Performance,Subject 351,Description of issue 351,000351
Escalated,Electronic,Breakdown,Subject 352,Description of issue 352,000352
New,Electronic,Breakdown,Subject 353,Description of issue 353,000353
Working,Electrical,Performance,Subject 354,Description of issue 354,000354
New,Electrical,Performance,Subject 355,Description of issue 355,000355
Working,Electrical,Breakdown,Subject 356,Description of issue 356,000356
New,Electronic,Breakdown,Subject 357,Description of issue 357,000357
New,Electronic,Performance,Subject 358,Description of issue 358,000358
Working,Electrical,Breakdown,Subject 359,Description of issue 359,000359
New,Electronic,Performance,Subject 360,Description of issue 360,000360
New,Electrical,Performance,Subject 361,Description of issue 361,000361
New,Electrical,Breakdown,Subject 362,Description of issue 362,000362
Escalated,Electronic,Performance,Subject 363,Description of issue 363,000363
Working,Electronic,Performance,Subject 364,Description of issue 364,000364
Escalated,Electrical,Breakdown,Subject 365,Description of issue 365,000365
Working,Mechanical,Breakdown,Subject 366,Description of issue 366,000366
Working,Electronic,Performance,Subject 367,Description of issue 367,000367
Escalated,Electrical,Breakdown,Subject 368,Description of issue 368,000368
Escalated,Electronic,Performance,Subject 369,Description of issue 369,000369
New,Electronic,Breakdown,Subject 370,Description of issue 370,000370
Working,Electrical,Performance,Subject 371,Description of issue 371,000371
Working,Mechanical,Performance,Subject 372,Description of issue 372,000372
New,Mechanical,Performance,Subject 373,Description of issue 373,000373
Working,Electrical,Breakdown,Subject 374,Description of issue 374,000374
New,Electrical,Performance,Subject 375,Description of issue 375,000375
Working,Electronic,Breakdown,Subject 376,Description of issue 376,000376
New,Electronic,Performance,Subject 377,Description of issue 377,000377
Escalated,Electrical,Performance,Subject 378,Description of issue 378,000378
Working,Electrical,Performance,Subject 379,Description of issue 379,000379
Working,Mechanical,Performance,Subject 380,Description of issue 380,000380
Escalated,Mechanical,Breakdown,Subject 381,Description of issue 381,000381
Escalated,Mechanical,Breakdown,Subject 382,Description of issue 382,000382
Working,Electrical,Breakdown,Subject 383,Description of issue 383,000383
Working,Electronic,Breakdown,Subject 384,Description of issue 384,000384
Working,Electronic,Performance,Subject 385,Description of issue 385,000385
Working,Electronic,Breakdown,Subject 386,Description of issue 386,000386
Working,Mechanical,Breakdown,Subject 387,Description of issue 387,000387
Escalated,Electrical,Breakdown,Subject 388,Description of issue 388,000388
Escalated,Electronic,Performance,Subject 389,Description of issue 389,000389
New,Electronic,Performance,Subject 390,Description of issue 390,000390
New,Electrical,Performance,Subject 391,Description of issue 391,000391
Working,Electronic,Breakdown,Subject 392,Description of issue 392,000392
Escalated,Mechanical,Breakdown,Subject 393,Description of issue 393,000393
New,Mechanical,Breakdown,Subject 394,Description of issue 394,000394
New,Electronic,Breakdown,Subject 395,Description of issue 395,000395
Working,Electronic,Performance,Subject 396,Description of issue 396,000396
New,Mechanical,Breakdown,Subject 397,Description of issue 397,000397
Escalated,Electronic,Performance,Subject 398,Description of issue 398,000398
Escalated,Mechanical,Performance,Subject 399,Description of issue 399,000399
Working,Electrical,Breakdown,Subject 400,Description of issue 400,000400
Escalated,Mechanical,Performance,Subject 401,Description of issue 401,000401
Escalated,Mechanical,Breakdown,Subject 402,Description of issue 402,000402
Escalated,Mechanical,Performance,Subject 403,Description of issue 403,000403
New,Electronic,Performance,Subject 404,Description of issue 404,000404
Working,Electronic,Performance,Subject 405,Description of issue 405,000405
Working,Electrical,Breakdown,Subject 406,Description of issue 406,000406
Escalated,Electrical,Performance,Subject 407,Description of issue 407,000407
New,Electronic,Performance,Subject 408,Description of issue 408,000408
Working,Mechanical,Performance,Subject 409,Description of issue 409,000409
Escalated,Electrical,Breakdown,Subject 410,Description of issue 410,000410
Escalated,Electronic,Breakdown,Subject 411,Description of issue 411,000411
Working,Mechanical,Performance,Subject 412,Description of issue 412,000412
Escalated,Mechanical,Breakdown,Subject 413,Description of issue 413,000413
Escalated,Electrical,Breakdown,Subject 414,Description of issue 414,000414
New,Mechanical,Breakdown,Subject 415,Description of issue 415,000415
Working,Electrical,Performance,Subject 416,Description of issue 416,000416
Working,Mechanical,Performance,Subject 417,Description of issue 417,000417
New,Electrical,Performance,Subject 418,Description of issue 418,000418
Working,Electronic,Breakdown,Subject 419,Description of issue 419,000419
New,Mechanical,Breakdown,Subject 420,Description of issue 420,000420
New,Electronic,Breakdown,Subject 421,Description of issue 421,000421
Escalated,Electrical,Performance,Subject 422,Description of issue 422,000422
Working,Mechanical,Performance,Subject 423,Description of issue 423,000423
Escalated,Mechanical,Breakdown,Subject 424,Description of issue 424,000424
Escalated,Electronic,Breakdown,Subject 425,Description of issue 425,000425
New,Mechanical,Performance,Subject 426,Description of issue 426,000426
Escalated,Electronic,Performance,Subject 427,Description of issue 427,000427
Escalated,Electronic,Performance,Subject 428,Description of issue 428,000428
Escalated,Mechanical,Breakdown,Subject 429,Description of issue 429,000429
Escalated,Electronic,Breakdown,Subject 430,Description of issue 430,000430
New,Electronic,Breakdown,Subject 431,Description of issue 431,000431
Working,Electronic,Breakdown,Subject 432,Description of issue 432,000432
Working,Electrical,Performance,Subject 433,Description of issue 433,000433
Working,Electrical,Performance,Subject 434,Description of issue 434,000434
New,Mechanical,Breakdown,Subject 435,Description of issue 435,000435
New,Electrical,Performance,Subject 436,Description of issue 436,000436
Working,Electronic,Performance,Subject 437,Description of issue 437,000437
New,Mechanical,Breakdown,Subject 438,Description of issue 438,000438
New,Electronic,Breakdown,Subject 439,Description of issue 439,000439
Working,Electrical,Breakdown,Subject 440,Description of issue 440,000440
Working,Electrical,Breakdown,Subject 441,Description of issue 441,000441
Working,Mechanical,Breakdown,Subject 442,Description of issue 442,000442
New,Electronic,Breakdown,Subject 443,Description of issue 443,000443
Working,Electronic,Performance,Subject 444,Description of issue 444,000444
Escalated,Mechanical,Breakdown,Subject 445,Description of issue 445,000445
New,Mechanical,Performance,Subject 446,Description of issue 446,000446
New,Mechanical,Performance,Subject 447,Description of issue 447,000447
Working,Mechanical,Breakdown,Subject 448,Description of issue 448,000448
New,Mechanical,Performance,Subject 449,Description of issue 449,000449
Working,Electrical,Breakdown,Subject 450,Description of issue 450,000450
Working,Electrical,Performance,Subject 451,Description of issue 451,000451
New,Mechanical,Breakdown,Subject 452,Description of issue 452,000452
Working,Electrical,Breakdown,Subject 453,Description of issue 453,000453
Working,Electrical,Performance,Subject 454,Description of issue 454,000454
New,Electrical,Breakdown,Subject 455,Description of issue 455,000455
New,Mechanical,Performance,Subject 456,Description of issue 456,000456
Working,Electrical,Breakdown,Subject 457,Description of issue 457,000457
Escalated,Mechanical,Breakdown,Subject 458,Description of issue 458,000458
Working,Mechanical,Breakdown,Subject 459,Description of issue 459,000459
New,Electrical,Performance,Subject 460,Description of issue 460,000460
Escalated,Electronic,Performance,Subject 461,Description of issue 461,000461
New,Electrical,Performance,Subject 462,Description of issue 462,000462
New,Electrical,Breakdown,Subject 463,Description of issue 463,000463
New,Mechanical,Breakdown,Subject 464,Description of issue 464,000464
Working,Mechanical,Breakdown,Subject 465,Description of issue 465,000465
Escalated,Electrical,Breakdown,Subject 466,Description of issue 466,000466
New,Mechanical,Performance,Subject 467,Description of issue 467,000467
Escalated,Mechanical,Breakdown,Subject 468,Description of issue 468,000468
New,Electrical,Breakdown,Subject 469,Description of issue 469,000469
New,Electrical,Performance,Subject 470,Description of issue 470,000470
Working,Electronic,Breakdown,Subject 471,Description of issue 471,000471
Escalated,Mechanical,Performance,Subject 472,Description of issue 472,000472
Working,Mechanical,Performance,Subject 473,Description of issue 473,000473
Working,Electronic,Breakdown,Subject 474,Description of issue 474,000474
Working,Mechanical,Breakdown,Subject 475,Description of issue 475,000475
Working,Electronic,Breakdown,Subject 476,Description of issue 476,000476
New,Electronic,Performance,Subject 477,Description of issue 477,000477
Escalated,Mechanical,Performance,Subject 478,Description of issue 478,000478
Escalated,Electrical,Breakdown,Subject 479,Description of issue 479,000479
Working,Electrical,Performance,Subject 480,Description of issue 480,000480
Escalated,Electronic,Breakdown,Subject 481,Description of issue 481,000481
Escalated,Mechanical,Breakdown,Subject 482,Description of issue 482,000482
New,Electrical,Breakdown,Subject 483,Description of issue 483,000483
Working,Electronic,Performance,Subject 484,Description of issue 484,000484
Escalated,Electrical,Performance,Subject 485,Description of issue 485,000485
New,Electronic,Performance,Subject 486,Description of issue 486,000486
Working,Electrical,Breakdown,Subject 487,Description of issue 487,000487
New,Mechanical,Performance,Subject 488,Description of issue 488,000488
Escalated,Electronic,Breakdown,Subject 489,Description of issue 489,000489
Working,Mechanical,Breakdown,Subject 490,Description of issue 490,000490
Working,Mechanical,Breakdown,Subject 491,Description of issue 491,000491
Escalated,Mechanical,Performance,Subject 492,Description of issue 492,000492
Working,Electronic,Performance,Subject 493,Description of issue 493,000493
Working,Mechanical,Breakdown,Subject 494,Description of issue 494,000494
Working,Electrical,Performance,Subject 495,Description of issue 495,000495
New,Electronic,Performance,Subject 496,Description of issue 496,000496
New,Electrical,Performance,Subject 497,Description of issue 497,000497
Working,Electronic,Performance,Subject 498,Description of issue 498,000498
New,Mechanical,Breakdown,Subject 499,Description of issue 499,000499
Working,Mechanical,Breakdown,Subject 500,Description of issue 500,000500
Working,Electronic,Performance,Subject 501,Description of issue 501,000501
New,Mechanical,Performance,Subject 502,Description of issue 502,000502
New,Electrical,Performance,Subject 503,Description of issue 503,000503
New,Electronic,Performance,Subject 504,Description of issue 504,000504
New,Mechanical,Performance,Subject 505,Description of issue 505,000505
Working,Electronic,Breakdown,Subject 506,Description of issue 506,000506
Working,Mechanical,Breakdown,Subject 507,Description of issue 507,000507
New,Mechanical,Performance,Subject 508,Description of issue 508,000508
Escalated,Electrical,Performance,Subject 509,Description of issue 509,000509
Escalated,Electronic,Breakdown,Subject 510,Description of issue 510,000510
Working,Mechanical,Performance,Subject 511,Description of issue 511,000511
Escalated,Electronic,Breakdown,Subject 512,Description of issue 512,000512
New,Electrical,Performance,Subject 513,Description of issue 513,000513
New,Electronic,Breakdown,Subject 514,Description of issue 514,000514
Working,Electronic,Performance,Subject 515,Description of issue 515,000515
New,Electronic,Breakdown,Subject 516,Description of issue 516,000516
New,Mechanical,Breakdown,Subject 517,Description of issue 517,000517
Working,Mechanical,Breakdown,Subject 518,Description of issue 518,000518
New,Electronic,Breakdown,Subject 519,Description of issue 519,000519
Escalated,Electrical,Performance,Subject 520,Description of issue 520,000520
New,Electrical,Breakdown,Subject 521,Description of issue 521,000521
Working,Electrical,Performance,Subject 522,Description of issue 522,000522
Working,Electrical,Breakdown,Subject 523,Description of issue 523,000523
New,Mechanical,Performance,Subject 524,Description of issue 524,000524
Escalated,Mechanical,Performance,Subject 525,Description of issue 525,000525
Working,Mechanical,Performance,Subject 526,Description of issue 526,000526
New,Electrical,Breakdown,Subject 527,Description of issue 527,000527
New,Mechanical,Performance,Subject 528,Description of issue 528,000528
Working,Electrical,Performance,Subject 529,Description of issue 529,000529
Working,Electrical,Performance,Subject 530,Description of issue 530,000530
Escalated,Electrical,Performance,Subject 531,Description of issue 531,000531
New,Mechanical,Breakdown,Subject 532,Description of issue 532,000532
Working,Electrical,Breakdown,Subject 533,Description of issue 533,000533
New,Mechanical,Performance,Subject 534,Description of issue 534,000534
New,Electronic,Breakdown,Subject 535,Description of issue 535,000535
New,Mechanical,Performance,Subject 536,Description of issue 536,000536
Working,Electrical,Performance,Subject 537,Description of issue 537,000537
Escalated,Mechanical,Breakdown,Subject 538,Description of issue 538,000538
Escalated,Mechanical,Performance,Subject 539,Description of issue 539,000539
Escalated,Electronic,Performance,Subject 540,Description of issue 540,000540
New,Electrical,Breakdown,Subject 541,Description of issue 541,000541
New,Mechanical,Performance,Subject 542,Description of issue 542,000542
New,Electrical,Performance,Subject 543,Description of issue 543,000543
Escalated,Mechanical,Performance,Subject 544,Description of issue 544,000544
Working,Electronic,Performance,Subject 545,Description of issue 545,000545
New,Electrical,Performance,Subject 546,Description of issue 546,000546
New,Electronic,Performance,Subject 547,Description of issue 547,000547
Working,Electrical,Breakdown,Subject 548,Description of issue 548,000548
Escalated,Electrical,Breakdown,Subject 549,Description of issue 549,000549
Working,Electrical,Performance,Subject 550,Description of issue 550,000550
New,Mechanical,Breakdown,Subject 551,Description of issue 551,000551
Escalated,Mechanical,Performance,Subject 552,Description of issue 552,000552
New,Mechanical,Performance,Subject 553,Description of issue 553,000553
Working,Mechanical,Performance,Subject 554,Description of issue 554,000554
Escalated,Mechanical,Performance,Subject 555,Description of issue 555,000555
New,Mechanical,Performance,Subject 556,Description of issue 556,000556
Escalated,Electrical,Breakdown,Subject 557,Description of issue 557,000557
New,Electrical,Breakdown,Subject 558,Description of issue 558,000558
New,Electrical,Performance,Subject 559,Description of issue 559,000559
Escalated,Electronic,Performance,Subject 560,Description of issue 560,000560
Escalated,Electronic,Performance,Subject 561,Description of issue 561,000561
Escalated,Electrical,Breakdown,Subject 562,Description of issue 562,000562
Escalated,Electronic,Performance,Subject 563,Description of issue 563,000563
New,Electronic,Performance,Subject 564,Description of issue 564,000564
Escalated,Electronic,Breakdown,Subject 565,Description of issue 565,000565
New,Mechanical,Breakdown,Subject 566,Description of issue 566,000566
New,Mechanical,Performance,Subject 567,Description of issue 567,000567
New,Electrical,Breakdown,Subject 568,Description of issue 568,000568
Working,Electrical,Breakdown,Subject 569,Description of issue 569,000569
Escalated,Mechanical,Performance,Subject 570,Description of issue 570,000570
New,Mechanical,Breakdown,Subject 571,Description of issue 571,000571
Escalated,Electrical,Breakdown,Subject 572,Description of issue 572,000572
Escalated,Mechanical,Breakdown,Subject 573,Description of issue 573,000573
New,Mechanical,Breakdown,Subject 574,Description of issue 574,000574
New,Electronic,Performance,Subject 575,Description of issue 575,000575
New,Mechanical,Performance,Subject 576,Description of issue 576,000576
Working,Electronic,Breakdown,Subject 577,Description of issue 577,000577
Escalated,Mechanical,Breakdown,Subject 578,Description of issue 578,000578
New,Electrical,Breakdown,Subject 579,Description of issue 579,000579
Escalated,Mechanical,Performance,Subject 580,Description of issue 580,000580
New,Mechanical,Breakdown,Subject 581,Description of issue 581,000581
Escalated,Electronic,Breakdown,Subject 582,Description of issue 582,000582
Working,Mechanical,Breakdown,Subject 583,Description of issue 583,000583
Escalated,Mechanical,Breakdown,Subject 584,Description of issue 584,000584
Escalated,Electrical,Breakdown,Subject 585,Description of issue 585,000585
Escalated,Electronic,Performance,Subject 586,Description of issue 586,000586
New,Electrical,Performance,Subject 587,Description of issue 587,000587
Escalated,Electronic,Breakdown,Subject 588,Description of issue 588,000588
Working,Mechanical,Performance,Subject 589,Description of issue 589,000589
Working,Electrical,Performance,Subject 590,Description of issue 590,000590
Escalated,Electrical,Performance,Subject 591,Description of issue 591,000591
New,Electrical,Breakdown,Subject 592,Description of issue 592,000592
New,Mechanical,Performance,Subject 593,Description of issue 593,000593
Escalated,Electrical,Performance,Subject 594,Description of issue 594,000594
Working,Electronic,Performance,Subject 595,Description of issue 595,000595
Escalated,Electronic,Performance,Subject 596,Description of issue 596,000596
Working,Electronic,Breakdown,Subject 597,Description of issue 597,000597
Escalated,Electrical,Breakdown,Subject 598,Description of issue 598,000598
Working,Electronic,Performance,Subject 599,Description of issue 599,000599
Working,Electronic,Performance,Subject 600,Description of issue 600,000600
Escalated,Electronic,Performance,Subject 601,Description of issue 601,000601
Working,Mechanical,Breakdown,Subject 602,Description of issue 602,000602
New,Mechanical,Breakdown,Subject 603,Description of issue 603,000603
Working,Electronic,Breakdown,Subject 604,Description of issue 604,000604
New,Electrical,Performance,Subject 605,Description of issue 605,000605
New,Electrical,Performance,Subject 606,Description of issue 606,000606
New,Electronic,Breakdown,Subject 607,Description of issue 607,000607
New,Electrical,Performance,Subject 608,Description of issue 608,000608
New,Electrical,Performance,Subject 609,Description of issue 609,000609
New,Electronic,Performance,Subject 610,Description of issue 610,000610
Working,Electronic,Performance,Subject 611,Description of issue 611,000611
Escalated,Mechanical,Performance,Subject 612,Description of issue 612,000612
Working,Electronic,Breakdown,Subject 613,Description of issue 613,000613
Working,Mechanical,Performance,Subject 614,Description of issue 614,000614
New,Electrical,Performance,Subject 615,Description of issue 615,000615
Escalated,Electrical,Performance,Subject 616,Description of issue 616,000616
Escalated,Electrical,Performance,Subject 617,Description of issue 617,000617
Escalated,Electrical,Performance,Subject 618,Description of issue 618,000618
Escalated,Mechanical,Performance,Subject 619,Description of issue 619,000619
Working,Mechanical,Breakdown,Subject 620,Description of issue 620,000620
New,Electrical,Performance,Subject 621,Description of issue 621,000621
Working,Mechanical,Performance,Subject 622,Description of issue 622,000622
Working,Electronic,Breakdown,Subject 623,Description of issue 623,000623
Escalated,Mechanical,Breakdown,Subject 624,Description of issue 624,000624
New,Electrical,Breakdown,Subject 625,Description of issue 625,000625
Working,Mechanical,Breakdown,Subject 626,Description of issue 626,000626
Escalated,Electrical,Breakdown,Subject 627,Description of issue 627,000627
New,Electronic,Performance,Subject 628,Description of issue 628,000628
Escalated,Mechanical,Breakdown,Subject 629,Description of issue 629,000629
Working,Mechanical,Breakdown,Subject 630,Description of issue 630,000630
New,Mechanical,Performance,Subject 631,Description of issue 631,000631
New,Electrical,Performance,Subject 632,Description of issue 632,000632
Working,Electrical,Performance,Subject 633,Description of issue 633,000633
New,Electrical,Breakdown,Subject 634,Description of issue 634,000634
Escalated,Mechanical,Performance,Subject 635,Description of issue 635,000635
New,Electrical,Performance,Subject 636,Description of issue 636,000636
New,Electronic,Breakdown,Subject 637,Description of issue 637,000637
Escalated,Electronic,Breakdown,Subject 638,Description of issue 638,000638
Escalated,Electronic,Performance,Subject 639,Description of issue 639,000639
New,Electrical,Breakdown,Subject 640,Description of issue 640,000640
Escalated,Electronic,Breakdown,Subject 641,Description of issue 641,000641
New,Mechanical,Performance,Subject 642,Description of issue 642,000642
Escalated,Mechanical,Performance,Subject 643,Description of issue 643,000643
Escalated,Electrical,Performance,Subject 644,Description of issue 644,000644
New,Mechanical,Performance,Subject 645,Description of issue 645,000645
Working,Mechanical,Performance,Subject 646,Description of issue 646,000646
New,Electronic,Breakdown,Subject 647,Description of issue 647,000647
Escalated,Electrical,Breakdown,Subject 648,Description of issue 648,000648
Working,Electronic,Performance,Subject 649,Description of issue 649,000649
Working,Electrical,Breakdown,Subject 650,Description of issue 650,000650
Escalated,Electronic,Breakdown,Subject 651,Description of issue 651,000651
New,Electrical,Performance,Subject 652,Description of issue 652,000652
New,Mechanical,Performance,Subject 653,Description of issue 653,000653
Escalated,Electronic,Performance,Subject 654,Description of issue 654,000654
Working,Electronic,Performance,Subject 655,Description of issue 655,000655
Escalated,Mechanical,Performance,Subject 656,Description of issue 656,000656
Escalated,Electronic,Breakdown,Subject 657,Description of issue 657,000657
New,Electronic,Performance,Subject 658,Description of issue 658,000658
Working,Mechanical,Performance,Subject 659,Description of issue 659,000659
Escalated,Electrical,Performance,Subject 660,Description of issue 660,000660
Working,Electronic,Breakdown,Subject 661,Description of issue 661,000661
Escalated,Electronic,Performance,Subject 662,Description of issue 662,000662
New,Electronic,Performance,Subject 663,Description of issue 663,000663
New,Electronic,Breakdown,Subject 664,Description of issue 664,000664
Escalated,Electronic,Breakdown,Subject 665,Description of issue 665,000665
New,Electrical,Performance,Subject 666,Description of issue 666,000666
New,Electrical,Performance,Subject 667,Description of issue 667,000667
Escalated,Mechanical,Breakdown,Subject 668,Description of issue 668,000668
New,Mechanical,Performance,Subject 669,Description of issue 669,000669
New,Mechanical,Performance,Subject 670,Description of issue 670,000670
Working,Electronic,Breakdown,Subject 671,Description of issue 671,000671
Escalated,Mechanical,Breakdown,Subject 672,Description of issue 672,000672
Working,Electronic,Performance,Subject 673,Description of issue 673,000673
New,Mechanical,Performance,Subject 674,Description of issue 674,000674
Working,Electronic,Breakdown,Subject 675,Description of issue 675,000675
Escalated,Electrical,Performance,Subject 676,Description of issue 676,000676
Escalated,Electronic,Breakdown,Subject 677,Description of issue 677,000677
Escalated,Electronic,Breakdown,Subject 678,Description of issue 678,000678
Working,Mechanical,Breakdown,Subject 679,Description of issue 679,000679
Working,Mechanical,Breakdown,Subject 680,Description of issue 680,000680
Working,Electrical,Breakdown,Subject 681,Description of issue 681,000681
New,Electronic,Breakdown,Subject 682,Description of issue 682,000682
Escalated,Electronic,Breakdown,Subject 683,Description of issue 683,000683
Escalated,Electrical,Breakdown,Subject 684,Description of issue 684,000684
Working,Electronic,Breakdown,Subject 685,Description of issue 685,000685
Working,Mechanical,Performance,Subject 686,Description of issue 686,000686
Working,Electrical,Breakdown,Subject 687,Description of issue 687,000687
Escalated,Mechanical,Performance,Subject 688,Description of issue 688,000688
New,Electrical,Performance,Subject 689,Description of issue 689,000689
Escalated,Mechanical,Breakdown,Subject 690,Description of issue 690,000690
New,Electrical,Performance,Subject 691,Description of issue 691,000691
Escalated,Electrical,Breakdown,Subject 692,Description of issue 692,000692
New,Electrical,Breakdown,Subject 693,Description of issue 693,000693
New,Electronic,Breakdown,Subject 694,Description of issue 694,000694
New,Electrical,Breakdown,Subject 695,Description of issue 695,000695
Working,Electronic,Breakdown,Subject 696,Description of issue 696,000696
Working,Electronic,Performance,Subject 697,Description of issue 697,000697
Working,Electrical,Performance,Subject 698,Description of issue 698,000698
Escalated,Electronic,Breakdown,Subject 699,Description of issue 699,000699
Escalated,Electrical,Performance,Subject 700,Description of issue 700,000700
Escalated,Mechanical,Breakdown,Subject 701,Description of issue 701,000701
New,Electronic,Performance,Subject 702,Description of issue 702,000702
New,Mechanical,Breakdown,Subject 703,Description of issue 703,000703
New,Electronic,Performance,Subject 704,Description of issue 704,000704
Working,Electronic,Breakdown,Subject 705,Description of issue 705,000705
Escalated,Mechanical,Breakdown,Subject 706,Description of issue 706,000706
Escalated,Mechanical,Performance,Subject 707,Description of issue 707,000707
Escalated,Mechanical,Breakdown,Subject 708,Description of issue 708,000708
Escalated,Electrical,Breakdown,Subject 709,Description of issue 709,000709
New,Electrical,Breakdown,Subject 710,Description of issue 710,000710
Escalated,Electrical,Breakdown,Subject 711,Description of issue 711,000711
Working,Electrical,Performance,Subject 712,Description of issue 712,000712
Escalated,Electrical,Breakdown,Subject 713,Description of issue 713,000713
New,Mechanical,Breakdown,Subject 714,Description of issue 714,000714
New,Electronic,Performance,Subject 715,Description of issue 715,000715
Working,Mechanical,Breakdown,Subject 716,Description of issue 716,000716
Working,Electrical,Performance,Subject 717,Description of issue 717,000717
Escalated,Electronic,Performance,Subject 718,Description of issue 718,000718
Working,Electrical,Breakdown,Subject 719,Description of issue 719,000719
New,Electrical,Breakdown,Subject 720,Description of issue 720,000720
Working,Electronic,Breakdown,Subject 721,Description of issue 721,000721
Working,Electronic,Breakdown,Subject 722,Description of issue 722,000722
Working,Electrical,Breakdown,Subject 723,Description of issue 723,000723
Escalated,Electronic,Performance,Subject 724,Description of issue 724,000724
New,Electrical,Breakdown,Subject 725,Description of issue 725,000725
New,Electrical,Performance,Subject 726,Description of issue 726,000726
Working,Electronic,Breakdown,Subject 727,Description of issue 727,000727
Escalated,Electronic,Breakdown,Subject 728,Description of issue 728,000728
Working,Electrical,Performance,Subject 729,Description of issue 729,000729
Escalated,Electronic,Performance,Subject 730,Description of issue 730,000730
Working,Electrical,Performance,Subject 731,Description of issue 731,000731
New,Electrical,Breakdown,Subject 732,Description of issue 732,000732
New,Mechanical,Performance,Subject 733,Description of issue 733,000733
Escalated,Electronic,Performance,Subject 734,Description of issue 734,000734
Working,Electronic,Performance,Subject 735,Description of issue 735,000735
Working,Electrical,Performance,Subject 736,Description of issue 736,000736
Escalated,Electrical,Performance,Subject 737,Description of issue 737,000737
New,Electrical,Performance,Subject 738,Description of issue 738,000738
Working,Electrical,Breakdown,Subject 739,Description of issue 739,000739
Working,Electronic,Performance,Subject 740,Description of issue 740,000740
New,Electrical,Performance,Subject 741,Description of issue 741,000741
Working,Mechanical,Breakdown,Subject 742,Description of issue 742,000742
New,Electrical,Performance,Subject 743,Description of issue 743,000743
Escalated,Mechanical,Breakdown,Subject 744,Description of issue 744,000744
Escalated,Mechanical,Breakdown,Subject 745,Description of issue 745,000745
Escalated,Mechanical,Performance,Subject 746,Description of issue 746,000746
Escalated,Electronic,Breakdown,Subject 747,Description of issue 747,000747
Escalated,Electronic,Breakdown,Subject 748,Description of issue 748,000748
New,Electrical,Breakdown,Subject 749,Description of issue 749,000749
Working,Mechanical,Performance,Subject 750,Description of issue 750,000750
New,Electrical,Performance,Subject 751,Description of issue 751,000751
Escalated,Mechanical,Breakdown,Subject 752,Description of issue 752,000752
Working,Mechanical,Breakdown,Subject 753,Description of issue 753,000753
Working,Electronic,Breakdown,Subject 754,Description of issue 754,000754
Working,Mechanical,Breakdown,Subject 755,Description of issue 755,000755
New,Electrical,Breakdown,Subject 756,Description of issue 756,000756
New,Mechanical,Breakdown,Subject 757,Description of issue 757,000757
Working,Electrical,Breakdown,Subject 758,Description of issue 758,000758
Working,Electronic,Performance,Subject 759,Description of issue 759,000759
New,Electronic,Performance,Subject 760,Description of issue 760,000760
Escalated,Mechanical,Performance,Subject 761,Description of issue 761,000761
New,Mechanical,Breakdown,Subject 762,Description of issue 762,000762
New,Mechanical,Breakdown,Subject 763,Description of issue 763,000763
Working,Mechanical,Breakdown,Subject 764,Description of issue 764,000764
New,Electrical,Breakdown,Subject 765,Description of issue 765,000765
Working,Electrical,Breakdown,Subject 766,Description of issue 766,000766
New,Electrical,Performance,Subject 767,Description of issue 767,000767
Escalated,Electronic,Performance,Subject 768,Description of issue 768,000768
New,Electrical,Performance,Subject 769,Description of issue 769,000769
Working,Mechanical,Breakdown,Subject 770,Description of issue 770,000770
Escalated,Mechanical,Performance,Subject 771,Description of issue 771,000771
Working,Electrical,Performance,Subject 772,Description of issue 772,000772
Escalated,Electronic,Performance,Subject 773,Description of issue 773,000773
New,Electronic,Performance,Subject 774,Description of issue 774,000774
New,Electronic,Performance,Subject 775,Description of issue 775,000775
Escalated,Electronic,Breakdown,Subject 776,Description of issue 776,000776
Escalated,Electrical,Breakdown,Subject 777,Description of issue 777,000777
Working,Mechanical,Performance,Subject 778,Description of issue 778,000778
Escalated,Electrical,Breakdown,Subject 779,Description of issue 779,000779
Escalated,Electrical,Performance,Subject 780,Description of issue 780,000780
Escalated,Mechanical,Breakdown,Subject 781,Description of issue 781,000781
Escalated,Mechanical,Performance,Subject 782,Description of issue 782,000782
Escalated,Electronic,Performance,Subject 783,Description of issue 783,000783
Working,Electronic,Performance,Subject 784,Description of issue 784,000784
New,Electronic,Performance,Subject 785,Description of issue 785,000785
New,Electrical,Performance,Subject 786,Description of issue 786,000786
Working,Electrical,Performance,Subject 787,Description of issue 787,000787
Working,Mechanical,Performance,Subject 788,Description of issue 788,000788
Working,Electrical,Performance,Subject 789,Description of issue 789,000789
Working,Electronic,Breakdown,Subject 790,Description of issue 790,000790
Escalated,Electronic,Breakdown,Subject 791,Description of issue 791,000791
Working,Mechanical,Breakdown,Subject 792,Description of issue 792,000792
Working,Mechanical,Performance,Subject 793,Description of issue 793,000793
Working,Mechanical,Performance,Subject 794,Description of issue 794,000794
New,Electrical,Performance,Subject 795,Description of issue 795,000795
Escalated,Mechanical,Performance,Subject 796,Description of issue 796,000796
New,Electrical,Breakdown,Subject 797,Description of issue 797,000797
Escalated,Mechanical,Performance,Subject 798,Description of issue 798,000798
Escalated,Electronic,Performance,Subject 799,Description of issue 799,000799
New,Electrical,Breakdown,Subject 800,Description of issue 800,000800
New,Electronic,Breakdown,Subject 801,Description of issue 801,000801
Working,Electrical,Breakdown,Subject 802,Description of issue 802,000802
Escalated,Mechanical,Performance,Subject 803,Description of issue 803,000803
Escalated,Electronic,Breakdown,Subject 804,Description of issue 804,000804
New,Electrical,Performance,Subject 805,Description of issue 805,000805
Working,Mechanical,Performance,Subject 806,Description of issue 806,000806
New,Electrical,Performance,Subject 807,Description of issue 807,000807
New,Electrical,Breakdown,Subject 808,Description of issue 808,000808
Working,Electrical,Performance,Subject 809,Description of issue 809,000809
New,Electronic,Performance,Subject 810,Description of issue 810,000810
Escalated,Mechanical,Performance,Subject 811,Description of issue 811,000811
New,Mechanical,Performance,Subject 812,Description of issue 812,000812
New,Electronic,Performance,Subject 813,Description of issue 813,000813
New,Electronic,Breakdown,Subject 814,Description of issue 814,000814
Escalated,Electronic,Breakdown,Subject 815,Description of issue 815,000815
Escalated,Mechanical,Breakdown,Subject 816,Description of issue 816,000816
Escalated,Electronic,Breakdown,Subject 817,Description of issue 817,000817
Working,Electronic,Performance,Subject 818,Description of issue 818,000818
New,Mechanical,Breakdown,Subject 819,Description of issue 819,000819
New,Mechanical,Performance,Subject 820,Description of issue 820,000820
Escalated,Electronic,Performance,Subject 821,Description of issue 821,000821
New,Mechanical,Breakdown,Subject 822,Description of issue 822,000822
Escalated,Mechanical,Performance,Subject 823,Description of issue 823,000823
Escalated,Electrical,Performance,Subject 824,Description of issue 824,000824
New,Electronic,Performance,Subject 825,Description of issue 825,000825
Escalated,Mechanical,Breakdown,Subject 826,Description of issue 826,000826
Working,Electronic,Breakdown,Subject 827,Description of issue 827,000827
Escalated,Electrical,Breakdown,Subject 828,Description of issue 828,000828
Escalated,Mechanical,Breakdown,Subject 829,Description of issue 829,000829
New,Electrical,Breakdown,Subject 830,Description of issue 830,000830
Escalated,Electronic,Breakdown,Subject 831,Description of issue 831,000831
Escalated,Electrical,Performance,Subject 832,Description of issue 832,000832
New,Mechanical,Breakdown,Subject 833,Description of issue 833,000833
New,Mechanical,Performance,Subject 834,Description of issue 834,000834
New,Electrical,Breakdown,Subject 835,Description of issue 835,000835
Escalated,Electronic,Breakdown,Subject 836,Description of issue 836,000836
New,Electronic,Performance,Subject 837,Description of issue 837,000837
Working,Mechanical,Performance,Subject 838,Description of issue 838,000838
Escalated,Electronic,Performance,Subject 839,Description of issue 839,000839
New,Electronic,Performance,Subject 840,Description of issue 840,000840
Escalated,Electrical,Performance,Subject 841,Description of issue 841,000841
Escalated,Electrical,Breakdown,Subject 842,Description of issue 842,000842
New,Mechanical,Performance,Subject 843,Description of issue 843,000843
Escalated,Mechanical,Performance,Subject 844,Description of issue 844,000844
New,Mechanical,Breakdown,Subject 845,Description of issue 845,000845
Escalated,Mechanical,Performance,Subject 846,Description of issue 846,000846
Escalated,Mechanical,Breakdown,Subject 847,Description of issue 847,000847
New,Electrical,Breakdown,Subject 848,Description of issue 848,000848
New,Mechanical,Performance,Subject 849,Description of issue 849,000849
Working,Electronic,Breakdown,Subject 850,Description of issue 850,000850
Escalated,Electrical,Breakdown,Subject 851,Description of issue 851,000851
New,Electrical,Breakdown,Subject 852,Description of issue 852,000852
Working,Mechanical,Breakdown,Subject 853,Description of issue 853,000853
Escalated,Mechanical,Performance,Subject 854,Description of issue 854,000854
New,Electrical,Breakdown,Subject 855,Description of issue 855,000855
Working,Electronic,Performance,Subject 856,Description of issue 856,000856
Escalated,Electronic,Performance,Subject 857,Description of issue 857,000857
Escalated,Mechanical,Breakdown,Subject 858,Description of issue 858,000858
Working,Electrical,Performance,Subject 859,Description of issue 859,000859
New,Electrical,Performance,Subject 860,Description of issue 860,000860
Working,Electronic,Performance,Subject 861,Description of issue 861,000861
Escalated,Electronic,Performance,Subject 862,Description of issue 862,000862
New,Electrical,Breakdown,Subject 863,Description of issue 863,000863
Escalated,Mechanical,Breakdown,Subject 864,Description of issue 864,000864
Working,Electrical,Breakdown,Subject 865,Description of issue 865,000865
New,Mechanical,Breakdown,Subject 866,Description of issue 866,000866
Working,Electronic,Performance,Subject 867,Description of issue 867,000867
New,Electrical,Performance,Subject 868,Description of issue 868,000868
Working,Electrical,Breakdown,Subject 869,Description of issue 869,000869
Escalated,Electrical,Performance,Subject 870,Description of issue 870,000870
Working,Mechanical,Performance,Subject 871,Description of issue 871,000871
Working,Mechanical,Performance,Subject 872,Description of issue 872,000872
New,Electrical,Performance,Subject 873,Description of issue 873,000873
Working,Mechanical,Breakdown,Subject 874,Description of issue 874,000874
New,Mechanical,Breakdown,Subject 875,Description of issue 875,000875
New,Electronic,Breakdown,Subject 876,Description of issue 876,000876
Working,Electronic,Performance,Subject 877,Description of issue 877,000877
New,Electrical,Performance,Subject 878,Description of issue 878,000878
New,Mechanical,Performance,Subject 879,Description of issue 879,000879
Escalated,Electronic,Performance,Subject 880,Description of issue 880,000880
New,Electrical,Performance,Subject 881,Description of issue 881,000881
New,Mechanical,Performance,Subject 882,Description of issue 882,000882
Working,Electrical,Performance,Subject 883,Description of issue 883,000883
Escalated,Mechanical,Breakdown,Subject 884,Description of issue 884,000884
New,Electrical,Breakdown,Subject 885,Description of issue 885,000885
New,Electrical,Performance,Subject 886,Description of issue 886,000886
Working,Electrical,Performance,Subject 887,Description of issue 887,000887
Escalated,Mechanical,Performance,Subject 888,Description of issue 888,000888
Working,Electronic,Performance,Subject 889,Description of issue 889,000889
New,Mechanical,Breakdown,Subject 890,Description of issue 890,000890
New,Mechanical,Performance,Subject 891,Description of issue 891,000891
New,Electronic,Breakdown,Subject 892,Description of issue 892,000892
New,Electronic,Breakdown,Subject 893,Description of issue 893,000893
Working,Electronic,Breakdown,Subject 894,Description of issue 894,000894
New,Electrical,Performance,Subject 895,Description of issue 895,000895
Working,Electrical,Performance,Subject 896,Description of issue 896,000896
Escalated,Electronic,Performance,Subject 897,Description of issue 897,000897
Escalated,Electronic,Breakdown,Subject 898,Description of issue 898,000898
Escalated,Electronic,Breakdown,Subject 899,Description of issue 899,000899
Escalated,Electrical,Breakdown,Subject 900,Description of issue 900,000900
New,Electrical,Breakdown,Subject 901,Description of issue 901,000901
New,Electrical,Breakdown,Subject 902,Description of issue 902,000902
Escalated,Mechanical,Performance,Subject 903,Description of issue 903,000903
Escalated,Electrical,Performance,Subject 904,Description of issue 904,000904
Escalated,Mechanical,Breakdown,Subject 905,Description of issue 905,000905
Working,Electronic,Performance,Subject 906,Description of issue 906,000906
Escalated,Electrical,Breakdown,Subject 907,Description of issue 907,000907
Escalated,Electrical,Performance,Subject 908,Description of issue 908,000908
Working,Electrical,Performance,Subject 909,Description of issue 909,000909
New,Mechanical,Performance,Subject 910,Description of issue 910,000910
New,Electrical,Performance,Subject 911,Description of issue 911,000911
New,Mechanical,Breakdown,Subject 912,Description of issue 912,000912
Working,Electrical,Performance,Subject 913,Description of issue 913,000913
Working,Electrical,Breakdown,Subject 914,Description of issue 914,000914
New,Mechanical,Breakdown,Subject 915,Description of issue 915,000915
Working,Mechanical,Breakdown,Subject 916,Description of issue 916,000916
Working,Electronic,Performance,Subject 917,Description of issue 917,000917
Escalated,Electrical,Breakdown,Subject 918,Description of issue 918,000918
New,Mechanical,Breakdown,Subject 919,Description of issue 919,000919
Working,Electronic,Breakdown,Subject 920,Description of issue 920,000920
New,Electrical,Breakdown,Subject 921,Description of issue 921,000921
Escalated,Electrical,Performance,Subject 922,Description of issue 922,000922
Escalated,Electrical,Breakdown,Subject 923,Description of issue 923,000923
New,Electrical,Breakdown,Subject 924,Description of issue 924,000924
New,Mechanical,Breakdown,Subject 925,Description of issue 925,000925
New,Electronic,Performance,Subject 926,Description of issue 926,000926
Working,Mechanical,Performance,Subject 927,Description of issue 927,000927
Escalated,Electrical,Breakdown,Subject 928,Description of issue 928,000928
New,Electronic,Breakdown,Subject 929,Description of issue 929,000929
Escalated,Electronic,Performance,Subject 930,Description of issue 930,000930
New,Electrical,Performance,Subject 931,Description of issue 931,000931
New,Electronic,Performance,Subject 932,Description of issue 932,000932
New,Mechanical,Breakdown,Subject 933,Description of issue 933,000933
New,Mechanical,Breakdown,Subject 934,Description of issue 934,000934
Escalated,Electronic,Breakdown,Subject 935,Description of issue 935,000935
Escalated,Electrical,Breakdown,Subject 936,Description of issue 936,000936
New,Electronic,Breakdown,Subject 937,Description of issue 937,000937
Escalated,Electrical,Performance,Subject 938,Description of issue 938,000938
New,Electronic,Performance,Subject 939,Description of issue 939,000939
Working,Mechanical,Performance,Subject 940,Description of issue 940,000940
New,Mechanical,Breakdown,Subject 941,Description of issue 941,000941
Escalated,Mechanical,Breakdown,Subject 942,Description of issue 942,000942
New,Electronic,Performance,Subject 943,Description of issue 943,000943
Working,Electrical,Breakdown,Subject 944,Description of issue 944,000944
Working,Electrical,Breakdown,Subject 945,Description of issue 945,000945
Working,Electrical,Breakdown,Subject 946,Description of issue 946,000946
Escalated,Mechanical,Breakdown,Subject 947,Description of issue 947,000947
Working,Electronic,Breakdown,Subject 948,Description of issue 948,000948
New,Electronic,Performance,Subject 949,Description of issue 949,000949
Working,Electronic,Breakdown,Subject 950,Description of issue 950,000950
New,Electrical,Breakdown,Subject 951,Description of issue 951,000951
Working,Electrical,Performance,Subject 952,Description of issue 952,000952
New,Electrical,Breakdown,Subject 953,Description of issue 953,000953
Working,Electronic,Breakdown,Subject 954,Description of issue 954,000954
New,Electrical,Performance,Subject 955,Description of issue 955,000955
Escalated,Electronic,Performance,Subject 956,Description of issue 956,000956
New,Electronic,Breakdown,Subject 957,Description of issue 957,000957
Working,Electronic,Breakdown,Subject 958,Description of issue 958,000958
Escalated,Mechanical,Breakdown,Subject 959,Description of issue 959,000959
Escalated,Electronic,Performance,Subject 960,Description of issue 960,000960
Working,Electrical,Performance,Subject 961,Description of issue 961,000961
Working,Electronic,Breakdown,Subject 962,Description of issue 962,000962
New,Mechanical,Performance,Subject 963,Description of issue 963,000963
Escalated,Electronic,Performance,Subject 964,Description of issue 964,000964
Escalated,Electronic,Breakdown,Subject 965,Description of issue 965,000965
Escalated,Electrical,Performance,Subject 966,Description of issue 966,000966
New,Electrical,Breakdown,Subject 967,Description of issue 967,000967
New,Electronic,Performance,Subject 968,Description of issue 968,000968
Working,Electronic,Performance,Subject 969,Description of issue 969,000969
Working,Electrical,Breakdown,Subject 970,Description of issue 970,000970
Escalated,Electrical,Breakdown,Subject 971,Description of issue 971,000971
Escalated,Electronic,Performance,Subject 972,Description of issue 972,000972
Escalated,Electronic,Performance,Subject 973,Description of issue 973,000973
Escalated,Electronic,Performance,Subject 974,Description of issue 974,000974
Working,Electrical,Performance,Subject 975,Description of issue 975,000975
New,Electrical,Breakdown,Subject 976,Description of issue 976,000976
Working,Mechanical,Performance,Subject 977,Description of issue 977,000977
Escalated,Electrical,Breakdown,Subject 978,Description of issue 978,000978
Escalated,Electrical,Breakdown,Subject 979,Description of issue 979,000979
Working,Electrical,Breakdown,Subject 980,Description of issue 980,000980
Working,Electronic,Breakdown,Subject 981,Description of issue 981,000981
Working,Electrical,Performance,Subject 982,Description of issue 982,000982
New,Mechanical,Performance,Subject 983,Description of issue 983,000983
Escalated,Electronic,Breakdown,Subject 984,Description of issue 984,000984
New,Electrical,Performance,Subject 985,Description of issue 985,000985
Escalated,Electronic,Breakdown,Subject 986,Description of issue 986,000986
Working,Mechanical,Breakdown,Subject 987,Description of issue 987,000987
New,Mechanical,Performance,Subject 988,Description of issue 988,000988
Escalated,Mechanical,Performance,Subject 989,Description of issue 989,000989
Working,Mechanical,Performance,Subject 990,Description of issue 990,000990
New,Mechanical,Breakdown,Subject 991,Description of issue 991,000991
Escalated,Electrical,Breakdown,Subject 992,Description of issue 992,000992
New,Electrical,Performance,Subject 993,Description of issue 993,000993
Working,Electrical,Performance,Subject 994,Description of issue 994,000994
Working,Electronic,Performance,Subject 995,Description of issue 995,000995
Escalated,Electronic,Breakdown,Subject 996,Description of issue 996,000996
Working,Mechanical,Performance,Subject 997,Description of issue 997,000997
Working,Electrical,Breakdown,Subject 998,Description of issue 998,000998
Escalated,Mechanical,Breakdown,Subject 999,Description of issue 999,000999
Working,Mechanical,Performance,Subject 1000,Description of issue 1000,001000
