"NO","CASE TYPES","USER GROUPING_NEW","USER GROUPING_OLD","SEGMENT","PRODUCT","SUB PRODUCT","CASE CATEGORY","CASE DESCRIPTION","NEW CASE DESCRIPTION","REQUIRED SUB-DESCRIPTION","SUB","DOC INTAKE","LIST KEBUTUHAN DOKUMEN","SUGGESTION","SUGGESTION - BREAKDOWN","LEVEL OF EFFORT","RANGE OF DAYS 
(ACTUAL SLA)","ACTUAL SLA
(DAYS)","TARGET SLA 
(DAYS)","BRI NOTES","TEAM NAME","T1 - AGENT CCT/FRONTLINER","T2.1 - SUPPORTING UNIT","T2.2 - SUPPORTING UNIT","T2.3 - SUPPORTING UNIT","T3.1 - PRODUCT OWNER","T3.2 - PRODUCT OWNER","T3.3 - PRODUCT OWNER","T4.1 - TECHNICAL TEAM","T4.2 - TECHNICAL TEAM","T4.3 - TECHNICAL TEAM","T5.1 - THIRD PARTY","T5.2 - THIRD PARTY","T5.3 - THIRD PARTY","TOTAL SLA","NEW SLA","STATUS","GIC","MAKER","CHECKER","SIGNER","COURTESY AWAL","KEBUTUHAN DATA","JENIS PRODUK DAN ATAU LAYANAN LKPBU","KATEGORI PERMASALAHAN LKPBU","JENIS TRANSAKSI LKPBU","PENYEBAB PENGADUAN LKPBU","JENIS PRODUK LBUT","SANDI JENIS  PRODUK LBUT","SEBAB PENGADUAN LBUT","SANDI PENYEBAB LBUT","SF_ID","EXTERNAL_ID","ERROR"
"22","1100","Resolution Center","Card, Digital Lending & Assset","Individu Umum, Individu Priority & Private","Loans","Kartu Kredit","Inquiry","Status Pengajuan Aplikasi, Cara & Syarat [Sanggahan pengajuan kartu kredit]","Nasabah Menanyakan Pengajuan Terkait Produk Kartu Kredit","1.0","1. Cara, Syarat & Ketentuan
2. Status
3. Pembatalan","0","","Move to Resolution Center","Move to CCT","Very Low","0 ~ 2","1.0","0.0","Sub: Cara, Syarat & Ketentuan, Status, Pembatalan","T1 - Agent CCT/Frontliner","1.0","","","","","","","","","","","","","1.0","0.0","","KKD-AKK-ACQPR","","","","1A","Credit & Digital Lending","Kartu Kredit","","","Pemahaman karakteristik produk oleh Konsumen","Kartu Kredit","KK","Perubahan/Pemutusan Akad/Perjanjian/Kontrak","20.0","a1DMR00000009bN2AQ","221100","Customer Segment: bad value for restricted picklist field: Individu Umum, Individu Priority &amp; Private"
"29","1211","Resolution Center","Service & Contact Center - CCT","Individu Umum, Individu Priority & Private","Loans","Kartu Kredit","Request","Program Internal Telesales (agent inbound to outbond)","Nasabah Mengajukan Cicilan Kartu Kredit Melalui Telesales","1.0","1. Transaksi >7 Hari
2. Pengajuan Loan on Phone","0","","Move to Resolution Center","Move to CCT","Very Low","0 ~ 2","0.0","0.0","Sub: Transaksi >7 Hari, Pengajuan Loan on Phone","T2.1 - Telesales","1.0","1.0","","","","","","","","","","","","2.0","1.0","","LCC-CCTTELE","","","","1B","Credit & Digital Lending","","","","","Kartu Kredit","KK","Lainnya","999.0","a1DMR00000009bU2AQ","291211","Customer Segment: bad value for restricted picklist field: Individu Umum, Individu Priority &amp; Private"
"35","1708","Card, Digital Lending & Assset","Card, Digital Lending & Assset","Individu Umum, Individu Priority & Private","Loans","Kartu Kredit","Request","Permintaan Pelunasan Awal Cicilan (Refund Merchant, Dobel Cicilan, Error Cicilan)","Nasabah Mengajukan Pembatalan Cicilan Terhadap Transaksi Kartu Kredit","1.0","1. Refund Merchant
2. Dobel Cicilan
3. Error Cicilan","0","","No Change","","Low","3 ~ 5","2.0","7.0","Sub: Refund Merchant, Dobel Cicilan, Error Cicilan","T3.1 - CDD(OPE MSU), T3.2 - CDD(ACU OTO)","1.0","","","","3.0","2.0","","","","","","","","6.0","5.0","","KKD-OPS-MSU","","","","1B","Credit & Digital Lending","Kartu Kredit","Pemblokiran/Penutupan/perubahan rekening secara sepihak","Terkait Sistem Pembayaran","Pemahaman karakteristik produk oleh Konsumen","Kartu Kredit","KK","Perubahan/Pemutusan Akad/Perjanjian/Kontrak","20.0","a1DMR00000009ba2AA","351708","Customer Segment: bad value for restricted picklist field: Individu Umum, Individu Priority &amp; Private"
"36","1709","Card, Digital Lending & Assset","Card, Digital Lending & Assset","Individu Umum, Individu Priority & Private","Loans","Kartu Kredit","Request","Permintaan Pelunasan Awal Cicilan (Request Pemegang Kartu)","Nasabah Mengajukan Pelunasan Awal Cicilan","0.0","","1","1. surat pernyataan
2. ktp
3. kartu kredit","No Change","","Medium","6 ~ 10","6.0","20.0","","T3.1 - CDD(OPE MSU), T3.2 - CDD(ACU OTO)","1.0","","","","3.0","3.0","","","","","","","","7.0","6.0","","KKD-OPS-MSU","","","","1C","Credit & Digital Lending","","","","","Kartu Kredit","KK","Perubahan/Pemutusan Akad/Perjanjian/Kontrak","20.0","a1DMR00000009bb2AA","361709","Customer Segment: bad value for restricted picklist field: Individu Umum, Individu Priority &amp; Private"
"132","8001","Resolution Center","Service & Contact Center - CCT","All","Servicing","Government Programme","Third Party Support","Bansos-Pemindahan Kuota KPM","Nasabah Menanyakan Informasi pemindahan kuota KPM","0.0","","0","","Move to Resolution Center","Move to CCT","","","0.0","0.0","Done","T1 - Agent CCT/Frontliner","1.0","","","","","","","","","","","","","1.0","0.0","","LCC-CCTNIK","","","","1A","Regular Banking","","","","","Lainnya","XX","Lainnya","999.0","a1DMR00000009d82AA","1328001","Customer Segment: bad value for restricted picklist field: All"
"136","8102","Resolution Center","Service & Contact Center - CRS","All","Loans","KPR, KUR, KMK, KI","Inquiry","Permasalahan Pinjaman (permintaan untuk penyesuaian ketentuan produk pinjaman)","Nasabah Menanyakan Cara, Syarat & Ketentuan Terkait Produk Pinjaman","0.0","","0","","Move to Resolution Center","","Very Low","0 ~ 2","0.0","10.0","Sub: TBC, notes: perlu ada call type khusus terkait Komplain","T1 - Agent CCT/Frontliner","1.0","","","","","","","","","","","","","1.0","0.0","","LCC-CRC","","","","1A","Regular Banking","Kredit/Pembiayaan Kendaraan Bermotor","","","Pemahaman karakteristik produk oleh Konsumen","Lainnya","XX","Perubahan/Pemutusan Akad/Perjanjian/Kontrak","20.0","a1DMR00000009jf2AA","1368102","Customer Segment: bad value for restricted picklist field: All"
"154","8202","Resolution Center","Service & Contact Center - CCT","All","Servicing","Informasi Promo, Program, Produk","Products / Promotion Inquiry","Informasi Product Banking","Nasabah Menanyakan Informasi Product / Program Banking","0.0","","0","","Move to Resolution Center","","Very Low","0 ~ 2","0.0","0.0","","T1 - Agent CCT/Frontliner","1.0","","","","","","","","","","","","","1.0","0.0","","LCC-CCTCALL","","","","1A","Regular Banking","Tabungan","","","Pemahaman karakteristik produk oleh Konsumen","ATM dan/atau Kartu Debet","AD","Lainnya","999.0","a1DMR00000009dR2AQ","1548202","Customer Segment: bad value for restricted picklist field: All"
"156","8204","Resolution Center","Service & Contact Center - SIA","All","Servicing","Servicing - Layanan Contact Center","Customer Feedback / Sentiment Monitoring","Saran Nasabah Layanan Unit Kerja","Nasabah Komplain Terkait Layanan Unit Kerja","0.0","","0","","Move to Resolution Center","Stay in SIA","Medium","6 ~ 10","6.0","7.0","","T2.1 - SIA, T2.2 - Branch(Uker)","1.0","1.0","5.0","","","","","","","","","","","7.0","6.0","","LCC-IML","","","","1B","Regular Banking","Penghimpunan Dana Lainnya","","","Lainnya : Kepuasan Nasabah Terhadap Layanan","Lainnya","XX","Lainnya","999.0","a1DMR00000009ji2AA","1568204","Customer Segment: bad value for restricted picklist field: All"
"157","8205","Resolution Center","Service & Contact Center - QAS","All","Servicing","Servicing - Layanan Contact Center","Customer Feedback / Sentiment Monitoring","Saran Nasabah layanan Contact Center","Nasabah Komplain Terkait Layanan Contact Center","0.0","","0","","Move to Resolution Center","Stay in QAS","High","11 ~ 15","12.0","3.0","","T2.1 - QAS, Include Infomedia","1.0","2.0","","","","","","","","","","","","3.0","2.0","","LCC-QSC","","","","1B","Regular Banking","Penghimpunan Dana Lainnya","","","Lainnya : Kepuasan Nasabah Terhadap Layanan","Lainnya","XX","Lainnya","999.0","a1DMR00000009jj2AA","1578205","Customer Segment: bad value for restricted picklist field: All"
"162","8222","Resolution Center","Service & Contact Center - NFT","All","Transaction Banking","Transaction Solution","Complaint - Transaction","Komplain RTGS/Kliring IB","Nasabah Komplain Transaksi RTGS Melalui E-Channel","0.0","","0","","Move to Resolution Center","Stay in NFT","Very Low","0 ~ 2","1.0","3.0","Sub: RTGS","T2.1 - NFT(ISSUER), Include POD(SRK)","1.0","3.0","","","","","","","","","","","","4.0","3.0","","LCC-ISSUER","Agent","Supervisor","Manager","1B","Regular Banking","RTGS","","","Gangguan / kerusakan perangkat dan sistem teknologi informasi","RTGS","SI","Permasalahan/kerusakan pada Sistem Teknologi Informasi","20.0","a1DMR00000009dX2AQ","1628222","Customer Segment: bad value for restricted picklist field: All"
"163","8226","Resolution Center","Service & Contact Center - CRS","Individu Umum, Individu Priority & Private","Transaction Banking","Transaction Solution","Complaint - Transaction","BRIfast Remittance - Transfer Internasional (Gagal Transfer International namun saldo tetap berkurang)","Nasabah Komplain Gagal Transfer International (BRIFast Remmitance)","1.0","1. Selisih Kurs Refund
2. Dana tidak diterima di rekening tujuan
3. Salah Transfer","0","","No Change","Move to INT. TBC sementara di CRS dulu","Low","3 ~ 5","2.0","10.0","Sub: Selisih Kurs Refund, Dana tidak diterima di rekening tujuan, Salah Transfer Note: Butuh konfirmasi dgn POD terkait penggunaan DiO. TBC","T2.1 - CRS , Include POD(RSP), Include POD(ORC)","1.0","3.0","","","","","","","","","","","","4.0","3.0","","LCC-CRC","","","","1B","Regular Banking","Remitance","","","Gangguan / kerusakan perangkat dan sistem teknologi informasi","Remitansi","RT","Permasalahan/kerusakan pada Sistem Teknologi Informasi","20.0","a1DMR00000009dY2AQ","1638226","Customer Segment: bad value for restricted picklist field: Individu Umum, Individu Priority &amp; Private"
"164","8227","Resolution Center","Service & Contact Center - NFT","All","Transaction Banking","Transaction Solution","Complaint - Transaction","Transfer BI fast gagal, Rekening terdebet","Nasabah Komplain Gagal Transfer BI-Fast dan saldo berkurang","0.0","","0","","Move to Resolution Center","Stay in NFT","Low","3 ~ 5","3.0","10.0","","T2.1 - NFT(ISSUER), Include POD(RSP), Include Bank Peserta BI-FAST","1.0","5.0","","","","","","","","","","","","6.0","5.0","","LCC-ISSUER","Agent","Supervisor","Manager","1B","Regular Banking","Electronic Banking","","","Gangguan / kerusakan perangkat dan sistem teknologi informasi","Kliring","KR","Permasalahan/kerusakan pada Sistem Teknologi Informasi","20.0","a1DMR00000009dZ2AQ","1648227","Customer Segment: bad value for restricted picklist field: All"
"167","8401","Distribution Network","Distribution Network","All","Transaction Banking","Transaction Solution","Platform & Device Support","Status mesin ATM/CDM/CRM tidak bisa digunakan / Offline","Nasabah Komplain Mesin ATM/CDM/CRM tidak bisa digunakan","0.0","","0","","No Change","","Very Low","0 ~ 2","1.0","0.0","CHM perlu terintegrasi (mirroring) dengan Portal Echannel untuk create/update ticket ke vendor","T2.1 - DNR, T2.2 - Branch(Uker) include Vendor","1.0","1.0","2.0","","","","","","","","","","","4.0","3.0","","DNR - EOM","","","","1B","Regular Banking","ATM","","","Gangguan / kerusakan perangkat dan sistem teknologi informasi","ATM dan/atau Kartu Debet","AD","Permasalahan/kerusakan pada Sistem Teknologi Informasi","20.0","a1DMR00000009dc2AA","1678401","Customer Segment: bad value for restricted picklist field: All"
"172","8410","Resolution Center","Service & Contact Center - NFT","All","Transaction Banking","Transaction Solution","Complaint - Transaction","Kegagalan TAC / Transfer Lainnya Lewat BRI","Nasabah Komplain Gagal Transfer ke BRI","0.0","","0","","Move to Resolution Center","Stay in NFT","Low","3 ~ 5","2.0","10.0","Dekripsi belum final, Penambahan Call type terkait transaksi pindah buku (antar BRI)","T2.1 - NFT(ISSUER), T2.2 - Branch(Uker)","1.0","2.0","5.0","","","","","","","","","","","8.0","7.0","","LCC-ISSUER","Agent","Supervisor","Manager","1B","Regular Banking","ATM","","","Gangguan / kerusakan perangkat dan sistem teknologi informasi","ATM dan/atau Kartu Debet","AD","Permasalahan/kerusakan pada Sistem Teknologi Informasi","20.0","a1DMR00000009dg2AA","1728410","Customer Segment: bad value for restricted picklist field: All"
"173","8411","Resolution Center","Service & Contact Center - CRS","All","Transaction Banking","Transaction Solution","Request","Salah Transfer antar BRI","Nasabah Mengajukan Permohonan Pengembalian Dana (Refund) akibat Salah Transfer antar BRI","0.0","","1","1. surat pernyataan (matrai)
2. ktp","Move to Resolution Center","","Medium","6 ~ 10","5.0","10.0","","T2.1 - CRS, T2.2 - Branch(Uker)","1.0","2.0","5.0","","","","","","","","","","","8.0","7.0","","LCC-CRC","","","","1C","Regular Banking","Tabungan","","","Kelalaian Konsumen","Transfer Dana","RM","Salah Transfer","50.0","a1DMR00000009dh2AA","1738411","Customer Segment: bad value for restricted picklist field: All"
"174","8412","Resolution Center","Service & Contact Center - NFT","All","Transaction Banking","Transaction Solution","Complaint - Transaction","Nasabah BRI Gagal Transaksi Belanja di EDC BRI, Saldo Rekening Berkurang","Nasabah Komplain Gagal Pembayaran di EDC BRI dan saldo berkurang","0.0","","0","","Move to Resolution Center","Stay in NFT","Medium","6 ~ 10","6.0","9.0","","T2.1 - NFT(ISSUER), T3.1 - FST(MCO), T4.1 - NFT(ISSUER), Include POD","1.0","1.0","","","7.0","","","1.0","","","","","","10.0","9.0","","LCC-ISSUER","Agent","Supervisor","Manager","1B","Regular Banking","ATM","","","Gangguan / kerusakan perangkat dan sistem teknologi informasi","Lainnya","XX","Permasalahan/kerusakan pada Sistem Teknologi Informasi","20.0","a1DMR00000009di2AA","1748412","Customer Segment: bad value for restricted picklist field: All"
"175","8413","Resolution Center","Service & Contact Center - NFT","All","Transaction Banking","Transaction Solution","Complaint - Transaction","Nasabah BRI gagal tarik tunai & terdebet di ATM Link","Nasabah Komplain Gagal Tarik Tunai & Saldo Berkurang di ATM/CRM Link","0.0","","0","","Move to Resolution Center","Stay in NFT","Low","3 ~ 5","4.0","5.0","","T2.1 - NFT(ISSUER), Include POD(RSP), Include RINTIS","1.0","5.0","","","","","","","","","","","","6.0","5.0","","LCC-ISSUER","Agent","Supervisor","Manager","1B","Regular Banking","ATM","","","Gangguan / kerusakan perangkat dan sistem teknologi informasi","ATM dan/atau Kartu Debet","AD","Permasalahan/kerusakan pada Sistem Teknologi Informasi","20.0","a1DMR00000009dj2AA","1758413","Customer Segment: bad value for restricted picklist field: All"
"176","8414","Resolution Center","Service & Contact Center - NFT","All","Transaction Banking","Transaction Solution","Complaint - Transaction","Nasabah BRI gagal tarik tunai & terdebet di ATM Bersama","Nasabah Komplain Gagal Tarik Tunai & Saldo Berkurang di ATM/CRM Bersama","0.0","","0","","Move to Resolution Center","Stay in NFT","Low","3 ~ 5","4.0","7.0","","T2.1 - NFT(ISSUER), Include POD(RSP), Include ARTAJASA","1.0","7.0","","","","","","","","","","","","8.0","7.0","","LCC-ISSUER","Agent","Supervisor","Manager","1B","Regular Banking","ATM","","","Gangguan / kerusakan perangkat dan sistem teknologi informasi","ATM dan/atau Kartu Debet","AD","Permasalahan/kerusakan pada Sistem Teknologi Informasi","20.0","a1DMR00000009dk2AA","1768414","Customer Segment: bad value for restricted picklist field: All"
"177","8415","Resolution Center","Service & Contact Center - NFT","All","Transaction Banking","Transaction Solution","Complaint - Transaction","Nasabah BRI gagal tarik tunai & terdebet di ATM Cirrus","Nasabah Komplain Gagal Tarik Tunai & Saldo Berkurang di ATM/CRM Cirrus","0.0","","0","","Move to Resolution Center","Stay in NFT","Medium","6 ~ 10","7.0","45.0","","T2.1 - NFT(ISSUER), Include POD(RSP), Include CIRRUS","1.0","21.0","","","","","","","","","","","","22.0","21.0","","LCC-ISSUER","Agent","Supervisor","Manager","1B","Regular Banking","ATM","","","Gangguan / kerusakan perangkat dan sistem teknologi informasi","ATM dan/atau Kartu Debet","AD","Permasalahan/kerusakan pada Sistem Teknologi Informasi","20.0","a1DMR00000009dl2AA","1778415","Customer Segment: bad value for restricted picklist field: All"
"178","8416","Resolution Center","Service & Contact Center - NFT","All","Transaction Banking","Transaction Solution","Complaint - Transaction","Nasabah BRI Gagal Transaksi Belanja di EDC Bank Lain atau melalui QRIS BRImo, Saldo Rekening Berkurang","Nasabah Komplain Gagal Pembayaran di EDC Bank Lain dan saldo berkurang","0.0","","0","","Move to Resolution Center","Stay in NFT","High","11 ~ 15","11.0","14.0","Untuk QRIS di buatkan Call Type Baru","T2.1 - NFT(ISSUER)","1.0","10.0","","","","","","","","","","","","11.0","10.0","","LCC-ISSUER","Agent","Supervisor","Manager","1B","Regular Banking","Electronic Banking","","","Gangguan / kerusakan perangkat dan sistem teknologi informasi","ATM dan/atau Kartu Debet","AD","Permasalahan/kerusakan pada Sistem Teknologi Informasi","20.0","a1DMR00000009dm2AA","1788416","Customer Segment: bad value for restricted picklist field: All"
"181","8425","Resolution Center","Service & Contact Center - CCT","All","Servicing","Mobile Banking","Request","Pen-delete-an Status Registrasi Layanan yang Ada di BRI","Nasabah Mengajukan Penghapusan Layanan BRImo","0.0","","0","","Move to Resolution Center","Move to CCT","Very Low","0 ~ 2","0.0","0.0","Change GIC to CCT","T1 - Agent CCT/Frontliner","1.0","","","","","","","","","","","","","1.0","0.0","","LCC-CRC","","","","1A","Regular Banking","Electronic Banking","","","Kelalaian Konsumen","ATM dan/atau Kartu Debet","AD","Usaha pengambilan data secara ilegal - Lainnya","69.0","a1DMR00000009dn2AA","1818425","Customer Segment: bad value for restricted picklist field: All"
"182","8426","Resolution Center","Service & Contact Center - NFT","All","Transaction Banking","Transaction Solution","Complaint - Transaction","Nasabah Link Terdebet Tarik Tunai di ATM BRI","Nasabah Jaringan LINK Gagal Tarik Tunai dan Saldo Berkurang di ATM/CRM BRI","0.0","","0","","Move to Resolution Center","Stay in NFT","Very Low","0 ~ 2","0.0","0.0","","T2.1 - NFT(ACQUIRER), T2.2 - Branch(Uker)","1.0","2.0","3.0","","","","","","","","","","","6.0","5.0","","LCC-ACQ","Agent","Supervisor","Manager","1B","Regular Banking","ATM","","","Gangguan / kerusakan perangkat dan sistem teknologi informasi","ATM dan/atau Kartu Debet","AD","Permasalahan/kerusakan pada Sistem Teknologi Informasi","20.0","a1DMR00000009do2AA","1828426","Customer Segment: bad value for restricted picklist field: All"
"183","8427","Resolution Center","Service & Contact Center - NFT","All","Transaction Banking","Transaction Solution","Complaint - Transaction","Nasabah ATM Bersama Terdebet Tarik Tunai di ATM BRI","Nasabah Jaringan BERSAMA Gagal Tarik Tunai dan Saldo Berkurang di ATM/CRM BRI","0.0","","0","","Move to Resolution Center","Stay in NFT","Low","3 ~ 5","3.0","0.0","","T2.1 - NFT(ACQUIRER), T2.2 - Branch(Uker)","1.0","2.0","3.0","","","","","","","","","","","6.0","5.0","","LCC-ACQ","Agent","Supervisor","Manager","1B","Regular Banking","ATM","","","Gangguan / kerusakan perangkat dan sistem teknologi informasi","ATM dan/atau Kartu Debet","AD","Permasalahan/kerusakan pada Sistem Teknologi Informasi","20.0","a1DMR00000009dp2AA","1838427","Customer Segment: bad value for restricted picklist field: All"
"184","8428","Resolution Center","Service & Contact Center - NFT","All","Transaction Banking","Transaction Solution","Complaint - Transaction","Nasabah Prima Terdebet Tarik Tunai di ATM BRI","Nasabah Jaringan PRIMA Gagal Tarik Tunai dan Saldo Berkurang di ATM/CRM BRI","0.0","","0","","Move to Resolution Center","Stay in NFT","Very Low","0 ~ 2","0.0","0.0","","T2.1 - NFT(ACQUIRER), T2.2 - Branch(Uker)","1.0","2.0","3.0","","","","","","","","","","","6.0","5.0","","LCC-ACQ","Agent","Supervisor","Manager","1B","Regular Banking","ATM","","","Gangguan / kerusakan perangkat dan sistem teknologi informasi","ATM dan/atau Kartu Debet","AD","Permasalahan/kerusakan pada Sistem Teknologi Informasi","20.0","a1DMR00000009dq2AA","1848428","Customer Segment: bad value for restricted picklist field: All"
"185","8429","Resolution Center","Service & Contact Center - NFT","All","Transaction Banking","Transaction Solution","Complaint - Transaction","Nasabah Cirrus Terdebet Tarik Tunai di ATM BRI","Nasabah Jaringan CIRRUS Gagal Tarik Tunai dan Saldo Berkurang di ATM/CRM BRI","0.0","","0","","Move to Resolution Center","Stay in NFT","Very Low","0 ~ 2","0.0","0.0","","T2.1 - NFT(ISSUER), T2.2 - Branch(Uker)","1.0","2.0","3.0","","","","","","","","","","","6.0","5.0","","LCC-ACQ","Agent","Supervisor","Manager","1B","Regular Banking","ATM","","","Gangguan / kerusakan perangkat dan sistem teknologi informasi","ATM dan/atau Kartu Debet","AD","Permasalahan/kerusakan pada Sistem Teknologi Informasi","20.0","a1DMR00000009dr2AA","1858429","Customer Segment: bad value for restricted picklist field: All"
"187","8433","Resolution Center","Service & Contact Center - NFT","All","Transaction Banking","Transaction Solution","Complaint - Transaction","Pembayaran Tagihan Gagal, Saldo Berkurang","Nasabah Komplain Gagal Pembayaran Tagihan dan saldo berkurang","1.0","1. Pembayaran non-BRIVA
2. Pembayaran BRIVA","0","","Move to Resolution Center","Stay in NFT","Very Low","0 ~ 2","1.0","3.0","Sub: Pembayaran non-BRIVA diskusi dengan POD","T2.1 - NFT(ISSUER), Include POD(RSP)","1.0","3.0","","","","","","","","","","","","4.0","3.0","","LCC-ISSUER","Agent","Supervisor","Manager","1B","Regular Banking","ATM","","","Gangguan / kerusakan perangkat dan sistem teknologi informasi","ATM dan/atau Kartu Debet","AD","Permasalahan/kerusakan pada Sistem Teknologi Informasi","20.0","a1DMR00000009dt2AA","1878433","Customer Segment: bad value for restricted picklist field: All"
"188","8434","Resolution Center","Service & Contact Center - NFT","All","Transaction Banking","Transaction Solution","Complaint - Transaction","Pengisian Pulsa HP gagal, Saldo Berkurang","Nasabah Komplain Gagal Pembelian Pulsa dan saldo berkurang","1.0","1. Provider Pulsa telkomsel
2. Provider Pulsa XL
3. Provider Pulsa Indosat
4. Lain-lain","0","","Move to Resolution Center","Stay in NFT","Low","3 ~ 5","4.0","7.0","Sub: Provider Pulsa (telkomsel,XL, etc)","T2.1 - NFT(ISSUER), Include POD(RSP)","1.0","6.0","","","","","","","","","","","","7.0","6.0","","LCC-ISSUER","Agent","Supervisor","Manager","1B","Regular Banking","ATM","","","Gangguan / kerusakan perangkat dan sistem teknologi informasi","ATM dan/atau Kartu Debet","AD","Permasalahan/kerusakan pada Sistem Teknologi Informasi","20.0","a1DMR00000009du2AA","1888434","Customer Segment: bad value for restricted picklist field: All"
"189","8435","Resolution Center","Service & Contact Center - NFT","All","Transaction Banking","Transaction Solution","Complaint - Transaction","Nasabah BRI gagal tarik tunai & terdebet di ATM Prima","Nasabah Komplain Gagal Tarik Tunai & Saldo Berkurang di ATM/CRM Prima","0.0","","0","","Move to Resolution Center","Stay in NFT","Medium","6 ~ 10","5.0","6.0","","T2.1 - NFT(ISSUER), Include POD(RSP), Include RINTIS","1.0","6.0","","","","","","","","","","","","7.0","6.0","","LCC-ISSUER","Agent","Supervisor","Manager","1B","Regular Banking","ATM","","","Gangguan / kerusakan perangkat dan sistem teknologi informasi","Transfer Dana","RM","Permasalahan/kerusakan pada Sistem Teknologi Informasi","20.0","a1DMR00000009dv2AA","1898435","Customer Segment: bad value for restricted picklist field: All"
"190","8436","Resolution Center","Service & Contact Center - NFT","All","Transaction Banking","Transaction Solution","Complaint - Transaction","Nasabah BRI gagal transfer & terdebet jaringan ATM Bersama","Nasabah Komplain Gagal Transfer & Saldo Berkurang di ATM/CRM Bersama","0.0","","1","1. surat pernyataan (matrai)
2. ktp","Move to Resolution Center","Stay in NFT","Low","3 ~ 5","2.0","4.0","","T2.1 - NFT(ISSUER), Include POD(RSP), Include ARTAJASA","1.0","4.0","","","","","","","","","","","","5.0","4.0","","LCC-ISSUER","Agent","Supervisor","Manager","1C","Regular Banking","ATM","","","Gangguan / kerusakan perangkat dan sistem teknologi informasi","Transfer Dana","RM","Permasalahan/kerusakan pada Sistem Teknologi Informasi","20.0","a1DMR00000009dw2AA","1908436","Customer Segment: bad value for restricted picklist field: All"
"191","8437","Resolution Center","Service & Contact Center - NFT","All","Transaction Banking","Transaction Solution","Complaint - Transaction","Nasabah BRI gagal transfer & terdebet jaringan ATM Prima","Nasabah Komplain Gagal Transfer & Saldo Berkurang di ATM/CRM Prima","0.0","","1","1. surat pernyataan (matrai)
2. ktp","Move to Resolution Center","Stay in NFT","Low","3 ~ 5","3.0","4.0","","T2.1 - NFT(ISSUER), Include POD(RSP), Include RINTIS","1.0","4.0","","","","","","","","","","","","5.0","4.0","","LCC-ISSUER","Agent","Supervisor","Manager","1C","Regular Banking","ATM","","","Gangguan / kerusakan perangkat dan sistem teknologi informasi","Transfer Dana","RM","Permasalahan/kerusakan pada Sistem Teknologi Informasi","20.0","a1DMR00000009dx2AA","1918437","Customer Segment: bad value for restricted picklist field: All"
"192","8439","Resolution Center","Service & Contact Center - NFT","All","Transaction Banking","Transaction Solution","Complaint - Transaction","Nasabah BRI gagal transfer & terdebet jaringan ATM Himbara","Nasabah Komplain Gagal Transfer & Saldo Berkurang di ATM/CRM Himbara","0.0","","1","1. surat pernyataan (matrai)
2. ktp","Move to Resolution Center","Stay in NFT","Low","3 ~ 5","3.0","4.0","","T2.1 - NFT(ISSUER), Include POD(RSP), Include JALIN","1.0","4.0","","","","","","","","","","","","5.0","4.0","","LCC-ISSUER","Agent","Supervisor","Manager","1C","Regular Banking","ATM","","","Gangguan / kerusakan perangkat dan sistem teknologi informasi","Transfer Dana","RM","Permasalahan/kerusakan pada Sistem Teknologi Informasi","20.0","a1DMR00000009dy2AA","1928439","Customer Segment: bad value for restricted picklist field: All"
"193","8441","Resolution Center","Service & Contact Center - NFT","All","Transaction Banking","Transaction Solution","Complaint - Transaction","Nasabah ATM Bersama gagal transfer & terdebet ke BRI","Nasabah Jaringan BERSAMA Gagal Transfer ke BRI dan Saldo Berkurang","0.0","","0","","Move to Resolution Center","Stay in NFT","Very Low","0 ~ 2","1.0","10.0","","T2.1 - NFT(ACQUIRER), T2.2 - Branch(Uker)","1.0","3.0","5.0","","","","","","","","","","","9.0","8.0","","LCC-ACQ","Agent","Supervisor","Manager","1B","Regular Banking","ATM","","","Gangguan / kerusakan perangkat dan sistem teknologi informasi","Transfer Dana","RM","Permasalahan/kerusakan pada Sistem Teknologi Informasi","20.0","a1DMR00000009dz2AA","1938441","Customer Segment: bad value for restricted picklist field: All"
"194","8442","Resolution Center","Service & Contact Center - NFT","All","Transaction Banking","Transaction Solution","Complaint - Transaction","Nasabah ATM Prima gagal transfer & terdebet ke BRI","Nasabah Jaringan PRIMA Gagal Transfer ke BRI dan Saldo Berkurang","0.0","","0","","Move to Resolution Center","Stay in NFT","Very Low","0 ~ 2","0.0","10.0","","T2.1 - NFT(ACQUIRER), T2.2 - Branch(Uker)","1.0","3.0","5.0","","","","","","","","","","","9.0","8.0","","LCC-ACQ","Agent","Supervisor","Manager","1B","Regular Banking","ATM","","","Gangguan / kerusakan perangkat dan sistem teknologi informasi","Transfer Dana","RM","Permasalahan/kerusakan pada Sistem Teknologi Informasi","20.0","a1DMR00000009e02AA","1948442","Customer Segment: bad value for restricted picklist field: All"
"195","8443","Resolution Center","Service & Contact Center - NFT","All","Transaction Banking","Transaction Solution","Complaint - Transaction","Nasabah ATM Himbara gagal transfer & terdebet ke BRI","Nasabah Jaringan HIMBARA Gagal Transfer ke BRI dan Saldo Berkurang","0.0","","0","","Move to Resolution Center","Stay in NFT","Very Low","0 ~ 2","0.0","10.0","","T2.1 - NFT(ACQUIRER), T2.2 - Branch(Uker)","1.0","3.0","5.0","","","","","","","","","","","9.0","8.0","","LCC-ACQ","Agent","Supervisor","Manager","1B","Regular Banking","ATM","","","Gangguan / kerusakan perangkat dan sistem teknologi informasi","Transfer Dana","RM","Permasalahan/kerusakan pada Sistem Teknologi Informasi","20.0","a1DMR00000009e12AA","1958443","Customer Segment: bad value for restricted picklist field: All"
"196","8445","Resolution Center","Service & Contact Center - CCT","All","Transaction Banking","Transaction Solution","Complaint - Transaction","Sanggahan Transaksi Koreksi ( Korr )","Nasabah Komplain Terkait Transaksi Koreksi","0.0","","0","","Move to Resolution Center","Move to CCT","Low","3 ~ 5","3.0","3.0","Agent Leader agar dapat diberikan akses ke MASPro untuk melakukan identifikasi remarks Koreksi, sekaligus dictionary remarks koreksi, agar dapat di update pada WI","T2.1 - CRS","1.0","2.0","","","","","","","","","","","","3.0","2.0","","LCC-CRC","","","","1B","Regular Banking","Sistem Pembayaran Lainnya","","","Pemahaman karakteristik produk oleh Konsumen","Transfer Dana","RM","Produk digunakan atau data disalahgunakan oleh orang lain","30.0","a1DMR00000009e22AA","1968445","Customer Segment: bad value for restricted picklist field: All"
"200","8501","Resolution Center","Service & Contact Center - CCT","Individu Umum, Individu Priority & Private","Servicing","Kartu Debit","Request","Pengajuan PIN baru (Pin salah)","Nasabah Menanyakan Informasi Pengajuan PIN Baru/PIN Salah","0.0","","0","","Move to Resolution Center","","Very Low","0 ~ 2","0.0","0.0","","T1 - Agent CCT/Frontliner","1.0","","","","","","","","","","","","","1.0","0.0","","LCC-CCTCALL","","","","1A","Regular Banking","ATM","","","Kelalaian Konsumen","ATM dan/atau Kartu Debet","AD","Lainnya","999.0","a1DMR00000009e62AA","2008501","Customer Segment: bad value for restricted picklist field: Individu Umum, Individu Priority &amp; Private"
"237","8808","Resolution Center","Service & Contact Center - NFT","All","Transaction Banking","Transaction Solution","Complaint - Transaction","Pembayaran PLN Prabayar Gagal namun Saldo Terdebet","Nasabah Komplain Gagal Pembayaran PLN Prabayar & Saldo Berkurang","0.0","","0","","Move to Resolution Center","Stay in NFT","Very Low","0 ~ 2","1.0","6.0","","T2.1 - NFT(ISSUER), Include POD(RSP)","1.0","4.0","","","","","","","","","","","","5.0","4.0","","LCC-ISSUER","Agent","Supervisor","Manager","1B","Regular Banking","ATM","","","Gangguan / kerusakan perangkat dan sistem teknologi informasi","ATM dan/atau Kartu Debet","AD","Top up Tidak Berhasil","120.0","a1DMR00000009h22AA","2378808","Customer Segment: bad value for restricted picklist field: All"
"238","8809","Resolution Center","Service & Contact Center - NFT","All","Transaction Banking","Transaction Solution","Complaint - Transaction","Pembayaran PLN Pascabayar Namun Saldo Berkurang","Nasabah Komplain Gagal Pembayaran PLN Pascabayar & Saldo Berkurang","0.0","","0","","Move to Resolution Center","Stay in NFT","Low","3 ~ 5","2.0","5.0","","T2.1 - NFT(ISSUER), Include POD(RSP)","1.0","4.0","","","","","","","","","","","","5.0","4.0","","LCC-ISSUER","Agent","Supervisor","Manager","1B","Regular Banking","ATM","","","Gangguan / kerusakan perangkat dan sistem teknologi informasi","ATM dan/atau Kartu Debet","AD","Top up Tidak Berhasil","120.0","a1DMR00000009h32AA","2388809","Customer Segment: bad value for restricted picklist field: All"
"239","8810","Resolution Center","Service & Contact Center - NFT","All","Transaction Banking","Transaction Solution","Complaint - Transaction","Komplain pembayaran pajak melalui MPN Gen 2","Nasabah Komplain Gagal Pembayaran Pajak & Saldo Berkurang","0.0","","0","","Move to Resolution Center","Stay in NFT","Low","3 ~ 5","2.0","6.0","","T2.1 - NFT(ISSUER), Include POD(RSP)","1.0","4.0","","","","","","","","","","","","5.0","4.0","","LCC-ISSUER","Agent","Supervisor","Manager","1B","Regular Banking","Electronic Banking","","","Gangguan / kerusakan perangkat dan sistem teknologi informasi","Lainnya","XX","Permasalahan/kerusakan pada Sistem Teknologi Informasi","20.0","a1DMR00000009h42AA","2398810","Customer Segment: bad value for restricted picklist field: All"
"240","8812","Resolution Center","Service & Contact Center - NFT","All","Transaction Banking","Transaction Solution","Complaint - Transaction","Nasabah BRI gagal tarik tunai & terdebet di ATM BRI","Nasabah Komplain Gagal Tarik Tunai dan Saldo Berkurang di ATM/CRM BRI","0.0","","0","","Move to Resolution Center","Stay in NFT","Low","3 ~ 5","4.0","3.0","","T2.1 - NFT(ON US), Include POD(RSP)","1.0","3.0","","","","","","","","","","","","4.0","3.0","","LCC-ON US","Agent","Supervisor","Manager","1B","Regular Banking","ATM","","","Gangguan / kerusakan perangkat dan sistem teknologi informasi","ATM dan/atau Kartu Debet","AD","Permasalahan/kerusakan pada Sistem Teknologi Informasi","20.0","a1DMR00000009h52AA","2408812","Customer Segment: bad value for restricted picklist field: All"
"242","8899","Resolution Center","Service & Contact Center - NFT","All","Transaction Banking","Transaction Solution","Complaint - Transaction","Transfer BI-Fast Nasabah bank lain","Nasabah Bank Lain Komplain Gagal Transfer BI-Fast ke BRI dan saldo berkurang","0.0","","0","","Move to Resolution Center","Stay in NFT","Low","3 ~ 5","2.0","5.0","","T2.1 - NFT(ACQUIRER), T2.2 - Branch(Uker)","1.0","2.0","3.0","","","","","","","","","","","6.0","5.0","","LCC-ACQ","Agent","Supervisor","Manager","1B","Regular Banking","Electronic Banking","","","Gangguan / kerusakan perangkat dan sistem teknologi informasi","Transfer Dana","RM","Lainnya","999.0","a1DMR00000009h72AA","2428899","Customer Segment: bad value for restricted picklist field: All"
"243","8900","Resolution Center","Service & Contact Center - CCT","All","Savings","Giro","Products / Promotion Inquiry","Giro","Nasabah Menanyakan Cara, Syarat & Ketentuan Terkait Giro","0.0","","0","","Move to Resolution Center","Move to CCT","Very Low","0 ~ 2","0.0","7.0","Segmen harus diubah (tidak ada yang nanya ttg giro individu)","T1 - Agent CCT/Frontliner","1.0","","","","","","","","","","","","","1.0","0.0","","LCC-CCTCALL","","","","1A","Regular Banking","Giro","","","Gangguan / kerusakan perangkat dan sistem teknologi informasi","Daftar Hitam Nasional (DHN) dan Cek/Bilyet Giro","DH","Bunga/Biaya Lainnya","90.0","a1DMR00000009jm2AA","2438900","Customer Segment: bad value for restricted picklist field: All"
"247","8906","Resolution Center","Service & Contact Center - DPR","Individu","Servicing","PPID","Inquiry","PPID","Nasabah menghubungi meminta informasi publik seputar BRI","0.0","","0","","","","","","2.0","2.0","Done","T2.1 - DPR","1.0","2.0","","","","","","","","","","","","3.0","2.0","","LCC-DPR","","","","1B","Regular Banking","Kredit/Pembiayaan Investasi","","","Gangguan / kerusakan perangkat dan sistem teknologi informasi","Lainnya","XX","Lainnya","999.0","a1DMR00000009hB2AQ","2478906","Customer Segment: bad value for restricted picklist field: Individu"
"248","8907","Resolution Center","Service & Contact Center - OIA","Individu","Servicing","Taspen","Request","Taspen","TIket Internal OIA meminta Branch melakukan LKN ke Peserta Taspen untuk Otentifikasi","0.0","","0","","","","","","10.0","10.0","Tiket Internal OIA ke Branch","T2.1 - Branch (Uker)","1.0","10.0","","","","","","","","","","","","11.0","10.0","","","","","","1B","Regular Banking","","","","","","","","","a1DMR00000009hC2AQ","2488907","Customer Segment: bad value for restricted picklist field: Individu"
"251","8915","Resolution Center","Service & Contact Center - NFT","All","Transaction Banking","Transaction Solution","Complaint - Transaction","Gagal Setor Tunai di CRM BRI Via BRImo / Kartu Debit","Nasabah Komplain Gagal Setor Tunai dan uang tertelan di CRM BRI","1.0","1. BRIMO
2. Kartu Debit","0","","Move to Resolution Center","Stay in NFT","Medium","6 ~ 10","5.0","8.0","Sub: Menggunakan BRIMO, Kartu Debit","T2.1 - NFT(ON US), Include POD(RSP), T2.2 - Branch(Uker)","1.0","7.0","","","","","","1.0","","","","","","9.0","8.0","","LCC-ON US","Agent","Supervisor","Manager","1B","Regular Banking","ATM","","","Gangguan / kerusakan perangkat dan sistem teknologi informasi","ATM dan/atau Kartu Debet","AD","Permasalahan/kerusakan pada Sistem Teknologi Informasi","20.0","a1DMR00000009hE2AQ","2518915","Customer Segment: bad value for restricted picklist field: All"
"255","8925","Resolution Center","Service & Contact Center - CRS","All","Servicing","Informasi Promo, Program, Produk","Products / Promotion Inquiry","Promo dan program BRI","Nasabah Menanyakan Syarat & Ketentuan Promo & Program BRI","0.0","","0","","Move to Resolution Center","Move to CCT","Low","3 ~ 5","2.0","5.0","Add new call type: complaint ttg promo & program BRI (T2.1 - CRS(1 day), T2.2 - FST","T2.1 - CRS, Include FST","1.0","5.0","","","","","","","","","","","","6.0","5.0","","RPT-ACQ","","","","1B","Regular Banking","Sistem Pembayaran Lainnya","","","Pemahaman karakteristik produk oleh Konsumen","Lainnya","XX","Lainnya","999.0","a1DMR00000009hI2AQ","2558925","Customer Segment: bad value for restricted picklist field: All"
"291","8603-1","Application & Operations","Service & Contact Center - CRS","Individu Umum, UMKM","Servicing","Internet Banking","Complaint - Non-Transaction","Nasabah Komplain Terkait Penggunaan Aplikasi IBBIZ","Nasabah Komplain Terkait Penggunaan Aplikasi IBBIZ","0.0","","0","","No Change","","Very Low","0 ~ 2","0.0","0.0","New Case Type -","T2.1 - CRS, T4.1 - APP(SDK)","1.0","1.0","","","","","","3.0","","","","","","5.0","4.0","","","","","","1B","Regular Banking","","","","","","","","","a1DMR00000009hi2AA","2918603-1","Customer Segment: bad value for restricted picklist field: Individu Umum, UMKM"
"292","8925-1","Resolution Center","Service & Contact Center - CRS","All","Servicing","Informasi Promo, Program, Produk","Complaint - Non-Transaction","Nasabah Komplain Terkait Promo & Program BRI","Nasabah Komplain Terkait Promo & Program BRI","0.0","","0","","No Change","","Very Low","0 ~ 2","0.0","0.0","New Case Type -","T2.1 - CRS, Include FST","1.0","5.0","","","","","","","","","","","","6.0","5.0","","","","","","1B","Regular Banking","","","","","","","","","a1DMR00000009hj2AA","2928925-1","Customer Segment: bad value for restricted picklist field: All"
"34","1710","Card, Digital Lending & Assset","Card, Digital Lending & Assset","Individu Umum","Loans","Kartu Kredit","Request","Permintaan Cicilan Promo","Nasabah Mengajukan Cicilan Promo","0.0","","0","","Move to Resolution Center","Propose to Delete","Very Low","0 ~ 2","0.0","7.0","Proposed to embed into 1707","","1.0","","","","","","","","","","","","","1.0","0.0","","KKD-OPS-MSU","","","","n.a","","Kartu Kredit","","","Gangguan / kerusakan perangkat dan sistem teknologi informasi","Kartu Kredit","KK","Perubahan/Pemutusan Akad/Perjanjian/Kontrak","20.0","","341710","Id not specified in an update call"
"39","1716","Card, Digital Lending & Assset","Card, Digital Lending & Assset","Individu Umum","Loans","Kartu Kredit","Request","Permintaan Cicilan 12 bln (Bring 12 bln)","Nasabah Mengajukan Cicilan 12 Bulan","0.0","","0","","Move to Resolution Center","Propose to Delete","Very Low","0 ~ 2","0.0","7.0","Proposed to embed into 1707","","1.0","","","","","","","","","","","","","1.0","0.0","","KKD-OPS-MSU","","","","n.a","","","","","","Kartu Kredit","KK","Perubahan/Pemutusan Akad/Perjanjian/Kontrak","20.0","","391716","Id not specified in an update call"
"56","2203","Resolution Center","Card, Digital Lending & Assset","Individu Umum","Loans","Kartu Kredit","Request","Permintaan blokir Kartu Kredit karena transaksi mencurigakan","Nasabah Mengajukan Pemblokiran Kartu Kredit Karena Sanggahan Transaksi","0.0","","0","","Move to Resolution Center","Move to CCT","Very Low","0 ~ 2","1.0","0.0","Tidak dipakai Agent, langsung ke BO tapi akan dibuat ke 2201","","1.0","","","","1.0","1.0","3.0","","","","","","","6.0","5.0","","KKD-CRI-DATAM","","","","n.a","","","","","","Kartu Kredit","KK","Produk digunakan atau data disalahgunakan oleh orang lain","30.0","","562203","Id not specified in an update call"
"91","4214","Card, Digital Lending & Assset","Card, Digital Lending & Assset","Individu Umum","Loans","Kartu Kredit","Request","Perubahan No HP/TLP pada Kartu Kredit Utama","Nasabah Mengajukan Perubahan No HP/TLP pada Kartu Kredit Utama","0.0","","1","1. surat pernyataan
2. ktp
3. kartu kredit","Move to Resolution Center","","Medium","6 ~ 10","6.0","3.0","Proposed to merge with 4204","","1.0","","","","","","","","","","","","","1.0","0.0","","KKD-AKK-PLTNM","","","","n.a","","Kartu Kredit","","","Gangguan / kerusakan perangkat dan sistem teknologi informasi","Kartu Kredit","KK","Perubahan/Pemutusan Akad/Perjanjian/Kontrak","20.0","","914214","Id not specified in an update call"
"97","4306","Card, Digital Lending & Assset","Card, Digital Lending & Assset","Individu Umum","Loans","Kartu Kredit","Request","Kartu Kredit Rusak / Salah Nama","Nasabah Komplain Kartu Kredit Rusak/Salah Nama","0.0","","1","","Move to Resolution Center","","Medium","6 ~ 10","7.0","1.0","Proposed to merge with 2201 (kartu rusak) & salah nama (4202)","","1.0","","","","","","","","","","","","","1.0","0.0","","KKD-CRI-DATAM","","","","n.a","","Kartu Kredit","","","Kelalaian Konsumen","Kartu Kredit","KK","Permasalahan/kerusakan pada Sistem Teknologi Informasi","20.0","","974306","Id not specified in an update call"
"126","7300","Resolution Center","Card, Digital Lending & Assset","Individu Umum","Loans","Kartu Kredit","Inquiry","Biaya,Bunga, dan Biaya Keterlambatan (Kartu Kredit)","Nasabah Komplain Biaya, Bunga, dan Biaya Keterlambatan Kartu Kredir","0.0","","0","","Move to Resolution Center","Move to CCT","Very Low","0 ~ 2","0.0","3.0","Proposed to merge with 5100","","1.0","","","","","","","","","","","","","1.0","0.0","","KKD-OPS-MSU","","","","n.a","","Kartu Kredit","","","Perubahan / pemutusan akad / perjanjian / kontrak","Kartu Kredit","KK","Bunga/Biaya Lainnya","90.0","","1267300","Id not specified in an update call"
"145","8123","Transaction Banking","Transaction Banking","Korporasi","Servicing","Cash Management","Complaint - Transaction","Qlola Cash & Trade BPJS Kesehatan","Nasalah Komplain Terkait Double Pembayaran BPS Kesehatan","0.0","","0","","Move to Resolution Center","","Very Low","0 ~ 2","1.0","3.0","","","1.0","","","","","","","","","","","","","1.0","0.0","","TRB","","","","n.a","","Sistem Pembayaran Lainnya","","","Gangguan / kerusakan perangkat dan sistem teknologi informasi","E - Commerce","EC","Permasalahan/kerusakan pada Sistem Teknologi Informasi","20.0","","1458123","Id not specified in an update call"
"196","8612","Funding & Retail Payment","Funding & Retail Payment","UMKM","Transaction Banking","Merchant Solutions","Platform & Device Support","Merchant - Penarikan EDC","Unit Kerja Mengajukan Penarikan Mesin EDC Merchant","0.0","","0","","No Change","Propose to Deleted, MMS","Extremely High","21 ~ 70","21.0","7.0","","","","1.0","6.0","","1.0","","","","","","","","","8.0","7.0","","RPT-MIM","","","","n.a","","Sistem Pembayaran Lainnya","","","Perubahan / pemutusan akad / perjanjian / kontrak","E - Commerce","EC","Perubahan/Pemutusan Akad/Perjanjian/Kontrak","20.0","","1968612","Id not specified in an update call"
"197","8613","Funding & Retail Payment","Funding & Retail Payment","UMKM","Transaction Banking","Merchant Solutions","Request","Merchant - Penutupan TID","Unit Kerja Mengajukan Penutupan TID Mesin EDC Merchant","0.0","","0","","No Change","Propose to Deleted, MMS","Extremely High","21 ~ 70","24.0","7.0","","","","1.0","7.0","","","","","","","","","","","8.0","7.0","","RPT-MIM","","","","n.a","","Sistem Pembayaran Lainnya","","","Perubahan / pemutusan akad / perjanjian / kontrak","E - Commerce","EC","Perubahan/Pemutusan Akad/Perjanjian/Kontrak","20.0","","1978613","Id not specified in an update call"
"198","8614","Funding & Retail Payment","Funding & Retail Payment","UMKM","Transaction Banking","Merchant Solutions","Request","Merchant - Perubahan Implementor","Unit Kerja Mengajukan Perubahan Impementor Mesin EDC Merchant","0.0","","0","","No Change","Propose to Deleted, MMS","Extremely High","21 ~ 70","21.0","7.0","","","","1.0","1.0","","","","","","","","","","","2.0","1.0","","RPT-MIM","","","","n.a","","","","","","E - Commerce","EC","Perubahan/Pemutusan Akad/Perjanjian/Kontrak","20.0","","1988614","Id not specified in an update call"
"204","8621","Funding & Retail Payment","Funding & Retail Payment","UMKM","Transaction Banking","Merchant Solutions","Request","Merchant - Perubahan data","Merchant Mengajukan Perubahan Data Merchant","0.0","","0","","No Change","Propose to Deleted, MMS","Extremely High","21 ~ 70","31.0","7.0","","","1.0","","1.0","","2.0","","","","","","","","","4.0","3.0","","RPT-MIM","","","","n.a","","","","","","E - Commerce","EC","Perubahan/Pemutusan Akad/Perjanjian/Kontrak","20.0","","2048621","Id not specified in an update call"
"205","8622","Funding & Retail Payment","Funding & Retail Payment","UMKM","Transaction Banking","Merchant Solutions","Request","Merchant - Penutupan MID","Unit Kerja Mengajukan Penutupan MID Mesin EDC Merchant","0.0","","0","","No Change","Propose to Deleted, MMS","Extremely High","21 ~ 70","31.0","7.0","","","","1.0","7.0","","","","","","","","","","","8.0","7.0","","RPT-MIM","","","","n.a","","Sistem Pembayaran Lainnya","","","Perubahan / pemutusan akad / perjanjian / kontrak","E - Commerce","EC","Perubahan/Pemutusan Akad/Perjanjian/Kontrak","20.0","","2058622","Id not specified in an update call"
"209","8626","Resolution Center","Funding & Retail Payment","UMKM","Transaction Banking","Merchant Solutions","Complaint - Transaction","Merchant - Transaksi Debit BRI - Refund double posting (kendala system)","Merchant Mengajukan Refund Double Posting","0.0","","0","","Move to Resolution Center","","Extremely High","21 ~ 70","29.0","2.0","propose to embed to 8627","","1.0","","","","4.0","","","1.0","","","","","","6.0","5.0","","RPT-MCO","","","","n.a","","Sistem Pembayaran Lainnya","","","Gangguan / kerusakan perangkat dan sistem teknologi informasi","E - Commerce","EC","Permasalahan/kerusakan pada Sistem Teknologi Informasi","20.0","","2098626","Id not specified in an update call"
"221","8701","Resolution Center","Service & Contact Center - CCT","Individu Umum","Servicing","Kartu Debit","Request","Blokir Kartu ATM karena kartu hilang","Nasabah Mengajukan Blokir Kartu Hilang","0.0","","0","","Move to Resolution Center","","Very Low","0 ~ 2","0.0","0.0","Proposed to merge with 8405","","1.0","","","","","","","","","","","","","1.0","0.0","","LCC-CCTCALL","","","","n.a","","ATM","","","Kelalaian Konsumen","ATM dan/atau Kartu Debet","AD","Lainnya","999.0","","2218701","Id not specified in an update call"
"252","8949","Resolution Center","Application & Operations","Individu Umum","Loans","KTA - Digital","Platform & Device Support","Pengajuan Briguna Digital Sistem Timeout","","0.0","","1","1. Screen Shot aplikasi briguna digital","Move to Resolution Center","Move to CCT","Medium","6 ~ 10","6.0","19.0","Proposed to merge as sub in 8940","","1.0","","","","","","","","","","","","","1.0","0.0","","DCE","","","","n.a","","Kredit Tanpa Agunan","","","Gangguan / kerusakan perangkat dan sistem teknologi informasi","Lainnya","XX","Permasalahan/kerusakan pada Sistem Teknologi Informasi","20.0","","2528949","Id not specified in an update call"
"253","8950","Digital Banking","Application & Operations","Individu Umum","Loans","KTA - Digital","Platform & Device Support","Pengajuan Briguna Digital Wajah Tidak Terdeteksi","","0.0","","1","1. Screen Shot aplikasi briguna digital","Move to Resolution Center","","Medium","6 ~ 10","6.0","19.0","Proposed to merge as sub in 8940","","1.0","","","","","","","","","","","","","1.0","0.0","","DCE","","","","n.a","","Kredit Tanpa Agunan","","","Gangguan / kerusakan perangkat dan sistem teknologi informasi","Lainnya","XX","Permasalahan/kerusakan pada Sistem Teknologi Informasi","20.0","","2538950","Id not specified in an update call"
"254","8951","Digital Banking","Digital Banking","UMKM","Loans","KPR, KUR, KMK, KI","Platform & Device Support","KECEKU Fitur Suplesi Otomatis KUPEDES","","0.0","","0","","No Change","Propose to Delete","Very Low","0 ~ 2","0.0","2.0","New Case Type - Perlu konfirmasi dengan Team Terkait DDB","","1.0","","","","1.0","1.0","","","","","","","","3.0","2.0","","DCE","","","","n.a","","Kredit/Pembiayaan Investasi","","","Pemahaman karakteristik produk oleh Konsumen","Lainnya","XX","Lainnya","999.0","","2548951","Id not specified in an update call"
"255","8952","Digital Banking","Digital Banking","UMKM","Servicing","Senyum Mobile","Platform & Device Support","Aplikasi SenyuM Mobile","","1.0","","0","","No Change","Propose to Delete","Very Low","0 ~ 2","0.0","10.0","New Case Type -","","1.0","","","","2.0","8.0","","","","","","","","11.0","10.0","","DCE","","","","n.a","","Electronic Banking","","","Gangguan / kerusakan perangkat dan sistem teknologi informasi","Delivery Channel - Phone banking","PB","Permasalahan/kerusakan pada Sistem Teknologi Informasi","20.0","","2558952","Id not specified in an update call"
"256","8953","Digital Banking","Digital Banking","UMKM","Savings","Deposito","Complaint - Non-Transaction","Tabungan Emas via SenyuM Mobile","Nasabah Komplain Gagal Pembukaan Rekening Tabungan Emas atau Gagal Top Pp Namun Saldo Terdebet","0.0","","0","","No Change","Propose to Deleted: Include ke 8952 Breakdown","Very Low","0 ~ 2","1.0","10.0","New Case Type - Perlu konfirmasi dengan Team Terkait DDB & UMI","","1.0","","","","2.0","8.0","","","","","","","","11.0","10.0","","DCE","","","","n.a","","Electronic Banking","","","Gangguan / kerusakan perangkat dan sistem teknologi informasi","Delivery Channel - Phone banking","PB","Permasalahan/kerusakan pada Sistem Teknologi Informasi","20.0","","2568953","Id not specified in an update call"
"257","8985","Resolution Center","Service & Contact Center - CCT","UMKM","Transaction Banking","Merchant Solutions","Inquiry","Informasi Status Transaksi Merchant","","0.0","","0","","Move to Resolution Center","","Very Low","0 ~ 2","0.0","14.0","Merge to 8620","","1.0","","","","","","","","","","","","","1.0","0.0","","LCC-CCTCALL","","","","n.a","","","","","","Lainnya","XX","Permasalahan/kerusakan pada Sistem Teknologi Informasi","20.0","","2578985","Id not specified in an update call"
"267","8106-1*","Investment Service","Investment Service","Individu Umum","Investment","DPLK","Complaint - Transaction","Claim yang belum terbayarkan ke nasabah","Nasabah Komplain Claim DPLK Belum Terbayarkan, Nasabah Menanyakan Terkait Progress Perubahan Jenis Investasi","0.0","","0","","No Change","","Very Low","0 ~ 2","0.0","0.0","New Case Type -","","1.0","","","","9.0","","","","","","","","","10.0","9.0","","","","","","n.a","","","","","","","","","","","2678106-1*","Id not specified in an update call"
"270","8106-2*","Investment Service","Investment Service","Individu Umum","Investment","DPLK","Complaint - Transaction","Penarikan sebagian yang belum terbayarkan ke nasabah","Nasabah Komplain Penarikan Sebagian Belum Terbayarkan","1.0","","0","","No Change","","Very Low","0 ~ 2","10.0","10.0","New Case Type -","","1.0","","","","9.0","","","","","","","","","10.0","9.0","","","","","","n.a","","","","","","","","","","","2708106-2*","Id not specified in an update call"
"271","8106-3*","Investment Service","Investment Service","Individu Umum","Investment","DPLK","Complaint - Transaction","Dana pengalihan DPLK belum masuk","Nasabah Komplain Dana Pengalihan Masuk/Keluar Belum Berhasil","1.0","","0","","No Change","","Very Low","0 ~ 2","10.0","10.0","New Case Type -","","1.0","","","","9.0","","","","","","","","","10.0","9.0","","","","","","n.a","","","","","","","","","","","2718106-3*","Id not specified in an update call"
"272","8106-4*","Investment Service","Investment Service","Individu Umum","Investment","DPLK","Complaint - Transaction","DPLK sudah close namun iuran Rutin masih tertagih (possible to delete)","Nasabah Komplain Iuran DPLK Belum Masuk ke Rekening DPLK","0.0","","0","","No Change","","Very Low","0 ~ 2","0.0","0.0","New Case Type -","","1.0","","","","5.0","","","","","","","","","6.0","5.0","","","","","","n.a","","","","","","","","","","","2728106-4*","Id not specified in an update call"
"273","8106-5*","Investment Service","Investment Service","Individu Umum","Investment","DPLK","Request","Pengiriman Ulang Portofolio/E-Statement DPLK","Nasabah Mengajukan Pengiriman Ulang Portfolio/E-Statement DPLK","0.0","","0","","No Change","","Very Low","0 ~ 2","1.0","1.0","New Case Type - Menunggu Kewenangan dari INV","","1.0","","","","","","","","","","","","","1.0","0.0","","","","","","n.a","","","","","","","","","","","2738106-5*","Id not specified in an update call"
"274","8106-6*","Investment Service","Investment Service","Individu Umum","Investment","DPLK","Request","Nasabah Mengajukan bukti potong pajak pembayaran DPLK","Nasabah Mengajukan bukti potong pajak pembayaran DPLK","0.0","","0","","No Change","","Very Low","0 ~ 2","1.0","1.0","New Case Type - Menunggu Kewenangan dari INV","","1.0","","","","","","","","","","","","","1.0","0.0","","","","","","n.a","","","","","","","","","","","2748106-6*","Id not specified in an update call"
"304","TRB-18","Transaction Banking","Transaction Banking","Korporasi","Servicing","Cash Management","Request","Nasabah Mengajukan Kenaikan Limit","Nasabah Mengajukan Kenaikan Limit","0.0","","0","","No Change","Propose to Delete","Very Low","0 ~ 2","0.0","0.0","New Case Type -","","1.0","","","","1.0","","","","","","","","","2.0","1.0","","","","","","n.a","","","","","","","","","","","304TRB-18","Id not specified in an update call"
"326","TRB-38","Transaction Banking","Transaction Banking","Korporasi","Servicing","Cash Management","Complaint - Transaction","Nasabah Komplain Perbedaan Exchange Rate Pada Saat Transaksi Pembelian Valuta Asing","Nasabah Komplain Perbedaan Exchange Rate Pada Saat Transaksi Pembelian Valuta Asing","0.0","","0","","No Change","Proposed to delete","Very Low","0 ~ 2","0.0","0.0","New Case Type -","","1.0","","","","1.0","","","","","","","","","2.0","1.0","","","","","","n.a","","","","","","","","","","","326TRB-38","Id not specified in an update call"
"5","1007","Digital Banking","Digital Banking","Individu Umum","Loans","KTA - Digital","Fraud / Suspicious Transactions","CERIA - Permintaan Blokir karena transaksi mencurigakan","","0.0","Yes","No","No","Move to Resolution Center","","Very Low","0 ~ 2","1.0","2.0","Proposed to delete","","1.0","","","","","","","","","","","","","1.0","0.0","","DCE","","","","","","","","","","","","","","","51007","Id not specified in an update call"
"21","1039","Digital Banking","Digital Banking","Individu Umum","Loans","KTA - Digital","Complaint - Transaction","CERIA - Komplain Transaksi Tertagih 2 Kali","","0.0","Yes","Yes","No","No Change","","Low","3 ~ 5","3.0","1.0","Proposed to delete","","1.0","","","","","","","","","","","","","1.0","0.0","","DCE","","","","","","","","","","","","","","","211039","Id not specified in an update call"
"22","1040","Resolution Center","Service & Contact Center - CCT","Individu Umum","Loans","KTA - Digital","Complaint - Transaction","CERIA - Lainnya (proposed to change into specific case)","","0.0","Yes","No","No","Move to Resolution Center","","Low","3 ~ 5","2.0","19.0","Proposed to delete","","1.0","","","","","","","","","","","","","1.0","0.0","","DCE","","","","","","","","","","","","","","","221040","Id not specified in an update call"
"24","1102","Resolution Center","Service & Contact Center - CRS","All","All","All","Request","Menanyakan Pengiriman dok / Data Tambahan (follow up permintaan dokumen )","","0.0","Yes","No","No","Move to Resolution Center","","Very Low","0 ~ 2","0.0","1.0","Proposed to delete embbed with specific case type","T2.1 - CRS","1.0","1.0","","","","","","","","","","","","2.0","1.0","","KKD-AKK-SSU","","","","","","","","","","","","","","","241102","Id not specified in an update call"
"25","1200","Card, Digital Lending & Assset","Card, Digital Lending & Assset","Individu Umum","Loans","Kartu Kredit","Request","Pembatalan Aplikasi (produk kartu kredit)","","0.0","Yes","No","No","Move to Resolution Center","","Very Low","0 ~ 2","1.0","14.0","Proposed to delete","","1.0","","","","","","","","","","","","","1.0","0.0","","KKD-CRI-APLIK","","","","","","","","","","","","","","","251200","Id not specified in an update call"
"31","1212","Card, Digital Lending & Assset","Card, Digital Lending & Assset","Individu Umum","Loans","Kartu Kredit","Request","Aktivasi kartu Kredit yang sudah lebih dari 6 bulan","Nasabah Mengajukan Aktivasi Kartu Kredit yang Sudah Lebih dari 6 Bulan","0.0","Yes","No","No","Move to Resolution Center","","Very Low","0 ~ 2","1.0","3.0","Proposed to delete menunggu surat dari divisi CDD/SCD","T3.1 - CDD","1.0","","","","","","","","","","","","","1.0","0.0","","KKD-CRI-DATAM","","","","","","","","","","","","","","","311212","Id not specified in an update call"
"54","1820","Resolution Center","Card, Digital Lending & Assset","Individu Umum","Loans","Kartu Kredit","Inquiry","Penukaran Poin Kartu Kredit","","0.0","Yes","No","No","Move to Resolution Center","","High","11 ~ 15","11.0","0.0","Proposed to delete","","1.0","","","","","","","","","","","","","1.0","0.0","","KKD-PBK-KKPBK","","","","","","","","","","","","","","","541820","Id not specified in an update call"
"66","2301","Resolution Center","Service & Contact Center - CCT","Individu Umum","Loans","Kartu Kredit","Platform & Device Support","Transaksi Kartu Kredit ditolak karena sistem Eror","","0.0","Yes","No","No","Move to Resolution Center","","Very Low","0 ~ 2","1.0","0.0","Proposed to delete","","1.0","","","","","","","","","","","","","1.0","0.0","","LCC-CCTCALL","","","","","","","","","","","","","","","662301","Id not specified in an update call"
"97","4217","Card, Digital Lending & Assset","Card, Digital Lending & Assset","Individu Umum","Loans","Kartu Kredit","Request","Pengkinian data QRIS KK - Normal","","0.0","Yes","No","No","Move to Resolution Center","","Low","3 ~ 5","4.0","14.0","Proposed to delete","","1.0","","","","","","","","","","","","","1.0","0.0","","KKD-CRI-DATAM","","","","","","","","","","","","","","","974217","Id not specified in an update call"
"99","4303","Card, Digital Lending & Assset","Card, Digital Lending & Assset","Individu Umum","Loans","Kartu Kredit","Complaint - Non-Transaction","Pengiriman Billing Statement Kartu Kredit","","0.0","Yes","No","No","Move to Resolution Center","","Low","3 ~ 5","2.0","5.0","Proposed to delete","T3.1 - CDD(OPS Delivery), T5.1 - Vendor","1.0","","","","","","","","","","","","","1.0","0.0","","KKD-OPS-DELIVERY","","","","","","","","","","","","","","","994303","Id not specified in an update call"
"110","5301","Card, Digital Lending & Assset","Card, Digital Lending & Assset","Individu Umum","Loans","Kartu Kredit","Request","Layanan Proses Kartu Add On Kartu kredit","","0.0","Yes","No","No","Move to Resolution Center","","Low","3 ~ 5","3.0","5.0","Proposed to delete","","1.0","","","","","","","","","","","","","1.0","0.0","","KKD-CRI-LIMIT","","","","","","","","","","","","","","","1105301","Id not specified in an update call"
"122","6404","Card, Digital Lending & Assset","Card, Digital Lending & Assset","Individu Umum","Loans","Kartu Kredit","Request","Penutupan Kartu Kredit dengan Tagihan Menunggak","Nasabah Menunggak Mengajukan Penutupan Kartu Kredit","0.0","Yes","Yes","No","No Change","","Medium","6 ~ 10","5.0","14.0","Proposed to Delete","","1.0","","","","","","","","","","","","","1.0","0.0","","KKD-CLL-HC","","","","","","","","","","","","","","","1226404","Id not specified in an update call"
"139","8002","Resolution Center","Service & Contact Center - CCT","All","Savings, Transaction Banking","Tabungan, Cash Management, Payment Solutions, Mobile Banking, Internet Banking","Third Party Support","Bansos - KPM Gagal Tarik Tunai di E-Channel","","0.0","Yes","No","No","Move to Resolution Center","","Extremely High","21 ~ 70","25.0","10.0","Proposed to delete","","1.0","","","","","","","","","","","","","1.0","0.0","","LCC-CCTNIK","","","","","","","","","","","","","","","1398002","Id not specified in an update call"
"158","8206","Resolution Center","Service & Contact Center - CCT","UMKM","Loans","KUR","Third Party Support","Bantuan bagi Pelaku Usaha Mikro / BPUM","","0.0","Yes","No","No","Move to Resolution Center","","Medium","6 ~ 10","9.0","0.0","Proposed to delete","","1.0","","","","","","","","","","","","","1.0","0.0","","LCC-CCTNIK","","","","","","","","","","","","","","","1588206","Id not specified in an update call"
"160","8208","Resolution Center","Service & Contact Center - CCT","Individu Umum","Savings","Debit Card","Complaint - Non-Transaction","Cleansing kartu Debit menjadi Ber Chip","","1.0","Yes","No","No","Move to Resolution Center","Move to CCT","Very Low","0 ~ 2","0.0","0.0","Proposed to delete","","1.0","","","","","","","","","","","","","1.0","0.0","","LCC-CCTCALL","","","","","","","","","","","","","","","1608208","Id not specified in an update call"
"163","8219","Resolution Center","Service & Contact Center - CCT","Individu Umum","Savings","Debit Card","Complaint - Non-Transaction","Transaksi Dengan Debit Card Ditolak","","0.0","Yes","No","No","Move to Resolution Center","","Low","3 ~ 5","4.0","0.0","Proposed to delete","","1.0","","","","","","","","","","","","","1.0","0.0","","LCC-CCTCALL","","","","","","","","","","","","","","","1638219","Id not specified in an update call"
"170","8402","Resolution Center","Service & Contact Center - CCT","Individu Umum","Savings","Debit Card","Complaint - Non-Transaction","Kartu ATM Selalu Gagal Apabila Digunakan Transaksi","","0.0","Yes","No","No","Move to Resolution Center","","Very Low","0 ~ 2","1.0","0.0","Proposed to delete","","1.0","","","","","","","","","","","","","1.0","0.0","","RPT-MCH","","","","","","","","","","","","","","","1708402","Id not specified in an update call"
"181","8417","Resolution Center","Service & Contact Center - NFT","Individu Umum","Savings","Debit Card","Inquiry","Nasabah Bank Lain Terdebet di ATM BRI (duplikasi dengan call type 8420)","","0.0","Yes","No","No","Move to Resolution Center","Stay in NFT","Extremely High","21 ~ 70","26.0","0.0","Proposed to delete","","1.0","","","","","","","","","","","","","1.0","0.0","","LCC-CCTCALL","","","","","","","","","","","","","","","1818417","Id not specified in an update call"
"184","8420","Resolution Center","Service & Contact Center - CCT","Individu Priority & Private","Loans","Kartu Kredit","Inquiry","Informasi Nasabah Bank Lain Terdebet di ATM BRI","","0.0","Yes","No","No","Move to Resolution Center","","Very Low","0 ~ 2","0.0","0.0","Proposed to delete","","1.0","","","","","","","","","","","","","1.0","0.0","","LCC-CCTCALL","","","","","","","","","","","","","","","1848420","Id not specified in an update call"
"185","8421","Resolution Center","Service & Contact Center - CRS","All","All","All","Complaint - Non-Transaction","Tidak Bisa Melakukan Registrasi Layanan yang Ada di BRI","","0.0","Yes","No","No","Move to Resolution Center","","Very Low","0 ~ 2","1.0","3.0","Proposed to delete","","1.0","","","","","","","","","","","","","1.0","0.0","","LCC-CCTCALL","","","","","","","","","","","","","","","1858421","Id not specified in an update call"
"200","8444","Resolution Center","Service & Contact Center - CRS","All","Savings, Transaction Banking","Tabungan, Cash Management, Payment Solutions, Mobile Banking, Internet Banking","Third Party Support","Nasabah Bank Lain / Merchant Salah Transfer ke BRI","Nasabah Bank Lain Mengajukan Pengembalian Dana (Refund) akibat Salah Transfer ke BRI","0.0","Yes","No","No","Move to Resolution Center","","Very Low","0 ~ 2","0.0","10.0","Proposed to delete","T2.1 - CRS, T2.2 - Branch, T3.1 - NFT","1.0","1.0","1.0","","3.0","","","","","","","","","6.0","5.0","","LCC-CRC","","","","","","","","","","","","","","","2008444","Id not specified in an update call"
"203","8504","Resolution Center","Service & Contact Center - CCT","Individu Umum","Savings","Debit Card","Inquiry","Kartu ATM Rusak","","0.0","Yes","No","No","Move to Resolution Center","","Very Low","0 ~ 2","0.0","0.0","Proposed to Delete, masukan ke sub desc 8208","","1.0","","","","","","","","","","","","","1.0","0.0","","LCC-CCTCALL","","","","","","","","","","","","","","","2038504","Id not specified in an update call"
"205","8508","Resolution Center","Service & Contact Center - CCT","Individu Priority & Private","Loans","Kartu Kredit","Complaint - Non-Transaction","PIN Mailer Kartu Prioritas Tidak Jelas/ Bisa Digunakan /Belum Terima PIN","","0.0","Yes","No","No","Move to Resolution Center","","Very Low","0 ~ 2","0.0","19.0","Proposed to delete","","1.0","","","","","","","","","","","","","1.0","0.0","","LCC-CCTCALL","","","","","","","","","","","","","","","2058508","Id not specified in an update call"
"206","8512","Resolution Center","Service & Contact Center - CCT","Individu Priority & Private","Loans","Kartu Kredit","Inquiry","Kartu ATM Terblokir Secara System","","0.0","Yes","No","No","Move to Resolution Center","","Very Low","0 ~ 2","0.0","0.0","Proposed to delete","","1.0","","","","","","","","","","","","","1.0","0.0","","LCC-CCTCALL","","","","","","","","","","","","","","","2068512","Id not specified in an update call"
"207","8601","Resolution Center","Service & Contact Center - CRS","Individu Umum","Savings","Internet Banking","Platform & Device Support","Internet Banking ( sunset channel)","","0.0","Yes","No","No","Move to Resolution Center","","Very Low","0 ~ 2","0.0","0.0","Proposed to delete","","1.0","","","","","","","","","","","","","1.0","0.0","","LCC-CRC","","","","","","","","","","","","","","","2078601","Id not specified in an update call"
"212","8611","Resolution Center","Service & Contact Center - CCT","UMKM","Merchant Solutions","Payment Solutions","Request","Pengkinian Data Merchant","","0.0","Yes","No","No","Move to Resolution Center","","Very Low","0 ~ 2","0.0","1.0","Proposed to delete","","1.0","","","","","","","","","","","","","1.0","0.0","","LCC-CCTCALL","","","","","","","","","","","","","","","2128611","Id not specified in an update call"
"218","8617","Resolution Center","Funding & Retail Payment","UMKM","Merchant Solutions","Payment Solutions","Request","Merchant - Perangkat - Permintaan dokumen transaksi ke merchant","","0.0","Yes","No","No","Move to Resolution Center","","Extremely High","21 ~ 70","50.0","2.0","Proposed to delete","T2.1 - FST","1.0","2.0","","","","","","","","","","","","3.0","2.0","","RPT-MIM","","","","","","","","","","","","","","a1DMR00000009sv2AA","2188617","duplicate value found: External_Id__c duplicates value on record with id: a1DMR00000009gm2AA"
"230","8629","Resolution Center","Service & Contact Center - CCT","UMKM","Merchant Solutions","Payment Solutions","Complaint - Transaction","Merchant - Transaksi KK BRI/Kartu bank lain - Refund double posting (kendala system)","","0.0","Yes","No","No","Move to Resolution Center","","Very High","16 ~ 20","16.0","2.0","Proposed to delete","T2.1 - FST","1.0","5.0","","","","","","","","","","","","6.0","5.0","","RPT-MCO","","","","","","","","","","","","","","a1DMR00000009rJ2AQ","2308629","duplicate value found: External_Id__c duplicates value on record with id: a1DMR00000009kx2AA"
"237","8703","Resolution Center","Service & Contact Center - CCT","Individu Umum","Savings","Debit Card","Request","Enable / Disable Kartu ATM (kartu debit)","","0.0","Yes","No","No","Move to Resolution Center","","Very Low","0 ~ 2","0.0","0.0","Proposed to delete","","1.0","","","","","","","","","","","","","1.0","0.0","","LCC-CCTCALL","","","","","","","","","","","","","","","2378703","Id not specified in an update call"
"242","8709","Operational Risk","Operational Risk","Korporasi","Transaction Banking","Cash Management","Fraud / Suspicious Transactions","Investigasi Indikasi Fraud Internal","","0.0","Yes","Yes","No","No Change","","Extremely High","21 ~ 70","23.0","19.0","Proposed to delete","","1.0","","","","","","","","","","","","","1.0","0.0","","LCC-FBI","","","","","","","","","","","","","","","2428709","Id not specified in an update call"
"246","8714","Resolution Center","Service & Contact Center - NFT","Individu Umum","Savings","Electronic Money","Complaint - Non-Transaction","Komplain BRIZZI Fuel Card","","0.0","Yes","No","No","Move to Resolution Center","Stay in NFT","Low","3 ~ 5","3.0","5.0","Proposed to delete, Gabung dengan komplain BRIZZI","T2.1 - NFT","1.0","5.0","","","","","","","","","","","","6.0","5.0","","LCC-ISSUER","","","","","","","","","","","","","","","2468714","Id not specified in an update call"
"247","8716","Operational Risk","Operational Risk","Korporasi","Transaction Banking","Cash Management","Fraud / Suspicious Transactions","Register Surat Bilateral Bank Lain (Penipuan)","","0.0","Yes","Yes","No","No Change","","Medium","6 ~ 10","6.0","20.0","Proposed to delete","","1.0","","","","","","","","","","","","","1.0","0.0","","LCC-FBI","","","","","","","","","","","","","","","2478716","Id not specified in an update call"
"249","8802","Resolution Center","Service & Contact Center - CCT","Individu Umum","Investment","Bancassurance","Third Party Support","Permohonan Layanan Asuransi BRINS","","0.0","Yes","No","No","Move to Resolution Center","","Very Low","0 ~ 2","0.0","1.0","Proposed to delete","","1.0","","","","","","","","","","","","","1.0","0.0","","LCC-CCTCALL","","","","","","","","","","","","","","","2498802","Id not specified in an update call"
"250","8803","Resolution Center","Service & Contact Center - NFT","All","Savings, Transaction Banking","Tabungan, Cash Management, Payment Solutions, Mobile Banking, Internet Banking","Complaint - Transaction","Nasabah BRI gagal Transfer & terdebet ke Rek BRI Syariah","","0.0","Yes","No","No","Move to Resolution Center","Stay in NFT","Low","3 ~ 5","2.0","14.0","Proposed to delete","","1.0","","","","","","","","","","","","","1.0","0.0","","LCC-ISSUER","","","","","","","","","","","","","","","2508803","Id not specified in an update call"
"260","8903","Resolution Center","Service & Contact Center - CRS","All","All","All","Third Party Support","Komplain Antar Bank","","0.0","Yes","No","No","Move to Resolution Center","","Very Low","0 ~ 2","1.0","19.0","Proposed to delete","","1.0","","","","","","","","","","","","","1.0","0.0","","LCC-CRC","","","","","","","","","","","","","","","2608903","Id not specified in an update call"
"261","8904","Resolution Center","Service & Contact Center - CRS","Individu Umum","Savings","Tabungan","Third Party Support","Komplain Perhimpunan Dana Lainnya ( komplain terkait program kerjasama)","","0.0","Yes","No","No","Move to Resolution Center","","Low","3 ~ 5","2.0","19.0","Proposed to delete","","1.0","","","","","","","","","","","","","1.0","0.0","","LCC-CRC","","","","","","","","","","","","","","","2618904","Id not specified in an update call"
"262","8910","Funding & Retail Payment","Funding & Retail Payment","Individu Umum","Savings","Giro","Complaint - Transaction","Komplain Kliring di Teller","","0.0","Yes","No","No","Move to Resolution Center","","Medium","6 ~ 10","7.0","5.0","Proposed to delete","","1.0","","","","","","","","","","","","","1.0","0.0","","SRK-RTGKL","","","","","","","","","","","","","","","2628910","Id not specified in an update call"
"263","8911","Resolution Center","Service & Contact Center - NFT","Individu Umum","Savings","Mobile Banking","Complaint - Transaction","Komplain BRImo Payment","","0.0","Yes","No","No","Move to Resolution Center","Stay in NFT","Very High","16 ~ 20","16.0","19.0","Proposed to delete","","1.0","","","","","","","","","","","","","1.0","0.0","","LCC-ISSUER","","","","","","","","","","","","","","","2638911","Id not specified in an update call"
"265","8914","Resolution Center","Service & Contact Center - CRS","All","Savings, Transaction Banking","Tabungan, Cash Management, Payment Solutions, Mobile Banking, Internet Banking","Platform & Device Support","Komplain Kios K (sunset channel)","","0.0","Yes","No","No","Move to Resolution Center","","Very Low","0 ~ 2","0.0","19.0","Proposed to delete","","1.0","","","","","","","","","","","","","1.0","0.0","","LCC-CRC","","","","","","","","","","","","","","","2658914","Id not specified in an update call"
"268","8918","Resolution Center","Service & Contact Center - CRS","All","All","All","Products / Promotion Inquiry","Produk Kerjasama Lainnya","","0.0","Yes","No","No","Move to Resolution Center","","Very Low","0 ~ 2","0.0","8.0","Proposed to delete","T2.1 - CRS","1.0","1.0","","","","","","","","","","","","2.0","1.0","","LCC-CRC","","","","","","","","","","","","","","","2688918","Id not specified in an update call"
"271","8926","Resolution Center","Service & Contact Center - CRS","All","All","All","Customer Feedback / Sentiment Monitoring","Pengaduan di Media Cetak - terkait Pembayaran","","0.0","Yes","No","No","Move to Resolution Center","","Low","3 ~ 5","2.0","3.0","Proposed to delete","","1.0","","","","","","","","","","","","","1.0","0.0","","LCC-CRC","","","","","","","","","","","","","","","2718926","Id not specified in an update call"
"272","8928","Resolution Center","Service & Contact Center - CRS","All","All","All","Customer Feedback / Sentiment Monitoring","Liputan Media Elektronik - terkait Pembayaran","","0.0","Yes","No","No","Move to Resolution Center","","Very Low","0 ~ 2","1.0","3.0","Proposed to delete","","1.0","","","","","","","","","","","","","1.0","0.0","","LCC-CRC","","","","","","","","","","","","","","","2728928","Id not specified in an update call"
"273","8929","Resolution Center","Service & Contact Center - CRS","All","All","All","Customer Feedback / Sentiment Monitoring","Publikasi/Tulisan Di Tempat Umum - terkait Pembayaran","","0.0","Yes","No","No","Move to Resolution Center","","Very Low","0 ~ 2","0.0","3.0","Proposed to delete","","1.0","","","","","","","","","","","","","1.0","0.0","","LCC-CRC","","","","","","","","","","","","","","","2738929","Id not specified in an update call"
"274","8930","Resolution Center","Service & Contact Center - CRS","All","All","All","Customer Feedback / Sentiment Monitoring","Publikasi Negatif Lainnya - terkait Pembayaran","","0.0","Yes","No","No","Move to Resolution Center","","Very Low","0 ~ 2","0.0","3.0","Proposed to delete","","1.0","","","","","","","","","","","","","1.0","0.0","","LCC-CRC","","","","","","","","","","","","","","","2748930","Id not specified in an update call"
"275","8931","Resolution Center","Service & Contact Center - CRS","All","All","All","Customer Feedback / Sentiment Monitoring","Pengaduan di Media Cetak - tidak terkait Pembayaran","","0.0","Yes","No","No","Move to Resolution Center","","Very Low","0 ~ 2","0.0","3.0","Proposed to delete","","1.0","","","","","","","","","","","","","1.0","0.0","","LCC-CRC","","","","","","","","","","","","","","","2758931","Id not specified in an update call"
"276","8933","Resolution Center","Service & Contact Center - CRS","All","All","All","Customer Feedback / Sentiment Monitoring","Liputan Media Elektronik - tidak terkait Pembayaran","","0.0","Yes","No","No","Move to Resolution Center","","Low","3 ~ 5","2.0","3.0","Proposed to delete","T2.1 - CRS","1.0","3.0","","","","","","","","","","","","4.0","3.0","","LCC-CRC","","","","","","","","","","","","","","","2768933","Id not specified in an update call"
"284","8947","Digital Banking","Application & Operations","Individu Umum","Loans","KTA - Digital","Platform & Device Support","Pengajuan Briguna digital NIK Tidak Terdaftar","","0.0","Yes","No","No","Move to Resolution Center","","High","11 ~ 15","13.0","19.0","Proposed to delete","","1.0","","","","","","","","","","","","","1.0","0.0","","DCE","","","","","","","","","","","","","","","2848947","Id not specified in an update call"
"285","8948","Digital Banking","Application & Operations","Individu Umum","Loans","KTA - Digital","Platform & Device Support","Pengajuan Briguna Digital KTP/NPWP Tidak Sesuai atau Tidak Terbaca","","0.0","Yes","No","No","Move to Resolution Center","","Medium","6 ~ 10","5.0","19.0","Proposed to delete","","1.0","","","","","","","","","","","","","1.0","0.0","","DCE","","","","","","","","","","","","","","","2858948","Id not specified in an update call"
"288","8981","Resolution Center","Service & Contact Center - CRS","All","All","All","Third Party Support","Other Partners (propose to delete)","","0.0","Yes","No","No","Move to Resolution Center","","Low","3 ~ 5","2.0","0.0","Proposed to delete","","1.0","","","","","","","","","","","","","1.0","0.0","","LCC-CRC","","","","","","","","","","","","","","","2888981","Id not specified in an update call"
"289","8982","Funding & Retail Payment","Funding & Retail Payment","UMKM","Merchant Solutions","EDC/QRIS","Complaint - Transaction","Transaksi QRIS Laporan dari Merchant","","0.0","Yes","No","No","Move to Resolution Center","","Very Low","0 ~ 2","1.0","4.0","Proposed to delete","","1.0","","","","","","","","","","","","","1.0","0.0","","RPT-MCO","","","","","","","","","","","","","","","2898982","Id not specified in an update call"
"290","8983","Resolution Center","Service & Contact Center - CCT","UMKM","Merchant Solutions","Payment Solutions","Request","Pembatalan Transaksi / Refund Merchant","","0.0","Yes","No","No","Move to Resolution Center","","Very Low","0 ~ 2","0.0","14.0","Proposed to delete","","1.0","","","","","","","","","","","","","1.0","0.0","","LCC-CCTCALL","","","","","","","","","","","","","","","2908983","Id not specified in an update call"
"291","8984","Resolution Center","Service & Contact Center - CCT","UMKM","Merchant Solutions","Payment Solutions","Platform & Device Support","Status Mesin EDC tidak Bisa Digunakan","","0.0","Yes","No","No","Move to Resolution Center","","Very Low","0 ~ 2","0.0","3.0","Proposed to delete","","1.0","","","","","","","","","","","","","1.0","0.0","","LCC-CCTCALL","","","","","","","","","","","","","","","2918984","Id not specified in an update call"
"293","8986","Resolution Center","Service & Contact Center - CCT","UMKM","Merchant Solutions","Payment Solutions","Complaint - Transaction","Pembayaran Settlement Merchant (gagal settlement)","","0.0","Yes","No","No","Move to Resolution Center","","Very Low","0 ~ 2","0.0","14.0","Proposed to delete","","1.0","","","","","","","","","","","","","1.0","0.0","","LCC-CCTCALL","","","","","","","","","","","","","","","2938986","Id not specified in an update call"
"296","9001","Resolution Center","Service & Contact Center - NFT","All","All","All","Products / Promotion Inquiry","BRI Agro","","0.0","Yes","No","No","Move to Resolution Center","Stay in NFT","Very Low","0 ~ 2","0.0","19.0","Proposed to delete","","1.0","","","","","","","","","","","","","1.0","0.0","","LCC-ACQ","","","","","","","","","","","","","","","2969001","Id not specified in an update call"
"301","9999","Resolution Center","Service & Contact Center - NFT","Individu Umum","Savings","Electronic Money","Complaint - Transaction","Gagal Transaksi BRIZZI","","0.0","Yes","No","No","Move to Resolution Center","Stay in NFT","Medium","6 ~ 10","7.0","2.0","Proposed to delete","","1.0","","","","","","","","","","","","","1.0","0.0","","LCC-ISSUER","","","","","","","","","","","","","","","3019999","Id not specified in an update call"
"343","1733","Card, Digital Lending & Assset","Card, Digital Lending & Assset","Individu Umum","Loans","Kartu Kredit","","Poin kartu Infinite","","0.0","Yes","Yes","No","No Change","","Very Low","0 ~ 2","0.0","0.0","Proposed to Delete","","1.0","","","","","","","","","","","","","1.0","0.0","","KKD-PBK-KKPBK","","","","","","","","","","","","","","","3431733","Id not specified in an update call"
"346","4219","Card, Digital Lending & Assset","Card, Digital Lending & Assset","Individu Umum","Loans","Kartu Kredit","","Pendaftaran QRIS Kartu Kredit Pemerintah secara Manual","","0.0","Yes","Yes","No","No Change","","Very Low","0 ~ 2","0.0","14.0","Proposed to delete","","1.0","","","","","","","","","","","","","1.0","0.0","","KKD-PBK-KKPBK","","","","","","","","","","","","","","","3464219","Id not specified in an update call"
"347","4206","Card, Digital Lending & Assset","Card, Digital Lending & Assset","Individu Umum","Loans","Kartu Kredit","Request","Permintaan Kartu Kredit Baru Karena Pembayaran Tidak Lancar","Nasabah Mengajukan Kartu Kredit Baru Karena Pembayaran Tidak Lancar","1.0","Yes","Yes","No","No Change","","Very Low","0 ~ 2","0.0","15.0","Proposed to delete","","1.0","","","","","","","","","","","","","1.0","0.0","","KKD-CRI-DATAM","","","","","","","","","","","","","","","3474206","Id not specified in an update call"
"349","1728","Card, Digital Lending & Assset","Card, Digital Lending & Assset","Individu Umum","Loans","Kartu Kredit","Request","Penukaran poin untuk iuran tahunan","Nasabah Mengajukan Penukaran Poin untuk Iuran Tahunan","0.0","Yes","Yes","No","No Change","","Very Low","0 ~ 2","0.0","20.0","Proposed to delete","","1.0","","","","","","","","","","","","","1.0","0.0","","KKD-OPS-MSU","","","","","","","","","","","","","","","3491728","Id not specified in an update call"
"350","4300","Card, Digital Lending & Assset","Card, Digital Lending & Assset","Individu Umum","Loans","Kartu Kredit","Complaint - Non-Transaction","Belum terima PIN Kartu kredit dan PIN kartu Kredit Invalid","Nasabah Komplain Belum Terima PIN Kartu Kredit atau PIN Kartu Kredit Invalid","0.0","Yes","Yes","No","No Change","","Very Low","0 ~ 2","0.0","8.0","Proposed to delete","","1.0","","","","","","","","","","","","","1.0","0.0","","KKD-RMG-PIN","","","","","","","","","","","","","","","3504300","Id not specified in an update call"
"351","4309","Card, Digital Lending & Assset","Card, Digital Lending & Assset","Individu Umum","Loans","Kartu Kredit","Request","Pengiriman Kartu dari Anti Attrition","","0.0","Yes","Yes","No","No Change","","Very Low","0 ~ 2","0.0","5.0","Proposed to delete","","1.0","","","","","","","","","","","","","1.0","0.0","","KKD-OPS-DELIVERY","","","","","","","","","","","","","","","3514309","Id not specified in an update call"
